code,name,sex,birthday,edu,position
szmb000001,谢永林,男,1968,博士研究生,董事长
szmb000001,胡跃飞,男,1962,硕士及研究生,"执行董事,行长"
szmb000001,姚贵平,男,1961,本科,执行董事
szmb000001,郭世邦,男,1965,博士研究生,执行董事
szmb000001,蔡方方,女,1974,硕士及研究生,非执行董事
szmb000001,陈心颖,女,1977,硕士及研究生,非执行董事
szmb000001,姚波,男,1971,硕士及研究生,非执行董事
szmb000056,郑康豪,男,1976,EMBA,董事长
szmb000056,林青辉,男,1966,本科,"财务总监,副总经理,董事"
szmb000056,朱波,男,1987,本科,董事
szmb000056,唐若民,男,1973,本科,董事
szmb000056,刘晓红,女,1976,硕士及研究生,董事
szmb000056,陈小海,男,1968,本科,"总经理,职工董事"
szmb000056,熊楚熊,男,1955,博士研究生,独立董事
szmb000062,胡新安,男,1968,本科,"总经理,董事长"
szmb000061,蔡颖,女,1976,硕士及研究生,董事长
szmb000061,胡翔海,男,1964,本科,"总裁,董事"
szmb000001,叶素兰,女,1956,本科,非执行董事
szmb000001,郭建,男,1964,硕士及研究生,非执行董事
szmb000001,王春汉,男,1951,大专及其他,独立董事
szmb000001,韩小京,男,1955,硕士及研究生,独立董事
szmb000001,王松奇,男,1952,博士研究生,独立董事
szmb000001,杨如生,男,1968,硕士及研究生,独立董事
szmb000001,郭田勇,男,1968,博士研究生,独立董事
szmb000056,汪军民,男,1964,博士研究生,独立董事
szmb000056,王培,女,1968,EMBA,独立董事
szmb000056,刘海波,男,1980,硕士及研究生,监事会主席
szmb000056,龙光明,男,1983,硕士及研究生,监事
szmb000056,刘玉英,女,1975,硕士及研究生,监事
szmb000062,郑毅,男,1964,本科,"执行总经理,董事"
szmb000062,王瑛,女,1977,硕士及研究生,"董事,董秘"
szmb000062,张恒春,男,1962,博士研究生,董事
szmb000062,邓少军,男,1970,本科,董事
szmb000062,张泽宏,男,1972,硕士及研究生,董事
szmb000062,姚家勇,男,1972,硕士及研究生,独立董事
szmb000062,周生明,男,1963,本科,独立董事
szmb000062,邓磊,男,1978,博士研究生,独立董事
szmb000062,谭华,男,1978,本科,监事会主席
szmb000061,陈小华,男,1966,硕士及研究生,"副总裁,董事"
szmb000061,张磊,男,1968,硕士及研究生,"董事,财务总监"
szmb000061,周文,男,1968,本科,董事
szmb000061,何伟民,男,1958,本科,董事
szmb000061,台冰,男,1965,博士研究生,董事
szmb000061,黄守岩,男,1950,硕士及研究生,董事
szmb000061,刘鲁鱼,男,1958,博士研究生,独立董事
szmb000061,宁钟,男,1964,博士研究生,独立董事
szmb000001,邱伟,男,1962,博士研究生,监事长
szmb000001,储一昀,男,1964,博士研究生,外部监事
szmb000001,周建国,男,1955,硕士及研究生,外部监事
szmb000001,车国宝,男,1949,本科,监事
szmb000001,骆向东,男,1953,硕士及研究生,外部监事
szmb000059,李春建,男,1966,硕士及研究生,董事长
szmb000059,杜秉光,男,1964,博士研究生,副董事长
szmb000059,任勇强,男,1966,硕士及研究生,"总经理,董事"
szmb000059,董成功,男,1967,硕士及研究生,"副总经理,董事"
szmb000059,孙世界,男,1962,本科,"董秘(代),总会计师,董事"
szmb000063,殷一民,男,1963,硕士及研究生,董事长
szmb000063,张建恒,男,1961,本科,副董事长
szmb000063,栾聚宝,男,1962,硕士及研究生,副董事长
szmb000063,赵先明,男,1966,博士研究生,"总裁,执行董事"
szmb000063,翟卫东,男,1967,硕士及研究生,董事
szmb000063,韦在胜,男,1962,硕士及研究生,非执行董事
szmb000063,詹毅超,男,1963,硕士及研究生,非执行董事
szmb000063,田东方,男,1960,本科,非执行董事
szmb000063,王亚文,男,1963,硕士及研究生,非执行董事
szmb000056,张崇华,男,1961,本科,职工监事
szmb000056,吴小霜,女,1982,本科,职工监事
szmb000056,曹剑,男,1981,硕士及研究生,董秘
szmb000065,王一彤,男,1964,硕士及研究生,董事长
szmb000065,原军,男,1970,本科,"总经理,董事"
szmb000065,郝峰,男,1973,博士研究生,"副总经理,董事"
szmb000065,余道春,男,1968,博士研究生,董事
szmb000050,陈宏良,男,1968,EMBA,董事长
szmb000050,朱军,男,1963,硕士及研究生,副董事长
szmb000050,付德斌,男,1977,博士研究生,董事
szmb000050,汪名川,男,1966,EMBA,董事
szmb000050,肖章林,男,1976,硕士及研究生,董事
szmb000050,陈泽桐,男,1970,博士研究生,独立董事
szmb000050,王苏生,男,1969,博士研究生,独立董事
szmb000050,陈菡,女,1983,博士研究生,独立董事
szmb000058,陈惠劼,男,1968,本科,董事长
szmb000058,刘志军,男,1968,硕士及研究生,"财务负责人,总经理,董事"
szmb000058,张良,男,1971,硕士及研究生,董事
szmb000058,张光柳,男,1962,硕士及研究生,董事
szmb000058,余谦,男,1968,硕士及研究生,董事
szmb000058,徐腊平,男,1978,博士研究生,董事
szmb000058,宋萍萍,女,1967,硕士及研究生,独立董事
szmb000055,熊建明,男,1957,博士研究生,"总裁,董事长"
szmb000055,林克槟,男,1977,本科,"副总裁,董事"
szmb000055,熊建伟,男,1968,硕士及研究生,董事
szmb000055,周志刚,男,1962,本科,"董秘,职工董事,副总裁"
szmb000055,邓磊,男,1978,博士研究生,独立董事
szmb000055,郭晋龙,男,1961,硕士及研究生,独立董事
szmb000060,余刚,男,1966,本科,"总裁,董事局主席"
szmb000060,彭玲,女,1965,硕士及研究生,"副总裁,董事"
szmb000060,吴圣辉,男,1970,硕士及研究生,董事
szmb000060,王立新,男,1968,博士研究生,董事
szmb000060,马建华,男,1962,EMBA,董事
szmb000060,刘放来,男,1952,本科,独立董事
szmb000060,任旭东,男,1953,大专及其他,独立董事
szmb000049,刘其,男,1964,本科,董事长
szmb000049,何文彬,男,1971,本科,"总经理,董事"
szmb000049,余孝海,男,1968,本科,董事
szmb000049,李兵兵,男,1967,硕士及研究生,董事
szmb000430,赵文胜,男,1966,硕士及研究生,董事长
szmb000430,王光权,男,1970,本科,董事
szmb000430,袁祖荣,男,1960,大专及其他,董事
szmb000430,向绪杰,男,1966,本科,董事
szmb000430,王爱民,男,1969,本科,董事
szmb000430,刘雅娟,女,1982,硕士及研究生,董事
szmb000423,王春城,男,1962,本科,董事长
szmb000423,秦玉峰,男,1958,EMBA,"总裁,董事"
szmb000423,吴怀锋,男,1962,,"董秘,副总裁,董事"
szmb000423,吴峻,男,1962,硕士及研究生,董事
szmb000423,王立志,男,1964,本科,董事
szmb000423,李国辉,男,1971,硕士及研究生,董事
szmb000425,王民,男,1954,硕士及研究生,董事长
szmb000425,陆川,男,1966,硕士及研究生,"总裁,董事"
szmb000425,吴江龙,男,1962,博士研究生,"财务负责人,副总裁,董事"
szmb000425,李锁云,男,1961,硕士及研究生,副总裁
szmb000425,杨东升,男,1968,硕士及研究生,董事
szmb000425,周玮,男,1980,硕士及研究生,独立董事
szmb000059,许晓军,男,1968,本科,董事
szmb000059,张黎明,男,1955,本科,独立董事
szmb000059,姜欣,男,1961,博士研究生,独立董事
szmb000059,高倚云,女,1974,博士研究生,独立董事
szmb000059,赵显良,男,1962,硕士及研究生,监事会主席
szmb000059,唐治钫,男,1960,硕士及研究生,"总工程师,职工监事"
szmb000059,王维良,男,1963,硕士及研究生,监事
szmb000063,朱武祥,男,1965,博士研究生,独立非执行董事
szmb000063,张曦轲,男,1970,硕士及研究生,独立非执行董事
szmb000063,Bingsheng Teng,男,1970,博士研究生,独立非执行董事
szmb000063,陈少华,男,1961,博士研究生,独立非执行董事
szmb000063,吕红兵,男,1966,硕士及研究生,独立非执行董事
szmb000065,张晓明,女,1978,博士研究生,董事
szmb000065,魏合田,男,1962,硕士及研究生,董事
szmb000065,谢兴国,男,1965,硕士及研究生,独立董事
szmb000065,何佳,男,1954,博士研究生,独立董事
szmb000065,鲍恩斯,男,1968,博士研究生,独立董事
szmb000065,倪静,女,1976,博士研究生,监事会召集人
szmb000065,马红艳,女,1972,本科,监事
szmb000050,王宝瑛,男,1964,EMBA,监事会主席
szmb000050,黄威飘,男,1964,本科,监事
szmb000050,郑春阳,男,1965,本科,监事
szmb000050,迟云峰,男,1980,本科,职工监事
szmb000050,刘伟,男,1976,硕士及研究生,职工监事
szmb000050,孙永茂,男,1963,EMBA,总经理
szmb000058,范值清,男,1949,硕士及研究生,独立董事
szmb000058,李罗力,男,1947,硕士及研究生,独立董事
szmb000058,张宇杰,男,1963,硕士及研究生,监事会主席
szmb000058,刘福松,男,1970,本科,监事
szmb000058,汪冠丞,男,1963,硕士及研究生,监事
szmb000058,茹桂琴,女,1964,本科,职工监事
szmb000421,潘明,男,1963,硕士及研究生,董事长
szmb000421,尹小峰,男,1974,硕士及研究生,"总经理,董事"
szmb000421,张冉玮,女,1966,本科,董事
szmb000421,杨国平,男,1956,硕士及研究生,董事
szmb000421,纪伟毅,男,1966,硕士及研究生,董事
szmb000421,耿成轩,女,1965,博士研究生,独立董事
szmb000421,戴克勤,男,1958,硕士及研究生,独立董事
szmb000055,郭万达,男,1965,博士研究生,独立董事
szmb000055,尹常健,男,1968,本科,监事会召集人
szmb000055,曹乃斯,女,1978,本科,监事
szmb000055,董格林,男,1978,本科,监事
szmb000055,魏越兴,男,1968,本科,副总裁
szmb000420,宋德武,男,1971,本科,董事长
szmb000422,张忠华,男,1962,本科,董事长
szmb000418,方洪波,男,1967,硕士及研究生,董事长
szmb000418,陆剑峰,男,1973,硕士及研究生,"总经理,董事"
szmb000418,周斯秀,女,1973,硕士及研究生,"董事,董秘"
szmb000418,孙宇男,男,1978,硕士及研究生,"董事,财务总监"
szmb000418,江鹏,男,1973,硕士及研究生,董事
szmb000419,周兆达,男,1950,本科,"总经理,董事长"
szmb000419,郭虎清,男,1969,硕士及研究生,"副总经理,董事"
szmb000419,柳植,男,1969,大专及其他,"副总经理,董事"
szmb000419,周拥泽,男,1963,本科,"副总经理,董事"
szmb000419,杨格艺,女,1967,本科,"董事,董秘"
szmb000419,章棉水,男,1965,本科,董事
szmb000060,李映照,男,1962,博士研究生,独立董事
szmb000060,牛鸿,男,1966,博士研究生,监事会主席
szmb000060,戚思胤,男,1980,硕士及研究生,监事
szmb000060,赵万涛,男,1979,硕士及研究生,监事
szmb000060,张光炎,男,1957,本科,职工监事
szmb000060,郑金华,男,1968,硕士及研究生,职工监事
szmb000060,储虎,男,1962,硕士及研究生,副总裁
szmb000060,梁铭,男,1961,本科,副总裁
szmb000049,白小平,男,1964,本科,董事
szmb000049,钟晨,男,1967,本科,董事
szmb000049,毕向东,男,1954,大专及其他,独立董事
szmb000049,谭跃,男,1959,博士研究生,独立董事
szmb000049,韦岗,男,1963,博士研究生,独立董事
szmb000049,夏志武,男,1974,大专及其他,监事会主席
szmb000049,刘贺,男,,硕士及研究生,监事
szmb000049,文建辉,男,1966,本科,职工监事
szmb000045,邸燕,女,1970,硕士及研究生,"董事,财务总监"
szmb000488,耿光林,男,1974,大专及其他,"总经理,执行董事"
szmb000488,李峰,男,1973,大专及其他,执行董事
szmb000488,张宏,女,1965,博士研究生,非执行董事
szmb000488,杨桂花,女,1966,博士研究生,非执行董事
szmb000488,王凤荣,女,1969,博士研究生,独立非执行董事
szmb000488,梁阜,女,1968,,独立非执行董事
szmb000488,黄磊,男,1957,博士研究生,独立非执行董事
szmb000488,潘爱玲,女,1965,博士研究生,独立非执行董事
szmb000488,李栋,男,1983,大专及其他,监事会主席
szmb000043,肖章林,男,1976,硕士及研究生,董事
szmb000043,郭明忠,男,1962,硕士及研究生,独立董事
szmb000043,华小宁,男,1963,硕士及研究生,独立董事
szmb000043,宋博通,男,1968,博士研究生,独立董事
szmb000043,文涛,男,1960,EMBA,监事会主席
szmb000043,朱俊春,男,1969,硕士及研究生,监事
szmb000043,张军民,男,1971,硕士及研究生,监事
szmb000043,苏星,男,1960,本科,职工监事
szmb000048,季圣智,男,1986,硕士及研究生,"总裁,董事"
szmb000048,黄馨,男,1970,硕士及研究生,"执行副总裁,董事"
szmb000048,李力夫,男,1955,硕士及研究生,"财务总监,副总裁,董事"
szmb000048,李邑宁,女,1960,本科,董事
szmb000048,潘同文,男,1961,硕士及研究生,董事
szmb000048,祝九胜,男,1969,博士研究生,董事
szmb000417,刘浩,男,1971,EMBA,董事长
szmb000417,戴登安,男,1973,大专及其他,"董秘,总经理,总会计师,副董事长"
szmb000417,张同祥,男,1974,本科,"副总经理,董事"
szmb000417,李承波,男,1967,大专及其他,"副总经理,董事"
szmb000417,余綯,男,1976,本科,"副总经理,董事"
szmb000417,黄跃明,男,1963,本科,董事
szmb000417,刘京建,男,1954,本科,独立董事
szmb000061,杜鹏,男,1972,硕士及研究生,副总裁
szmb000061,沈骅,男,1975,硕士及研究生,副总裁
szmb000061,张键,男,1973,硕士及研究生,副总裁
szmb000061,薛彤,男,1969,硕士及研究生,副总裁
szmb000061,江疆,女,1979,硕士及研究生,董秘
szmb000416,余政,男,1960,博士研究生,董事长
szmb000408,肖永明,男,1964,大专及其他,董事长
szmb000408,曹邦俊,男,1944,本科,副董事长
szmb000408,郭宝贵,男,1959,本科,董事
szmb000408,肖瑶,男,1990,本科,"总经理,董事"
szmb000408,郑钜夫,男,1987,本科,董事
szmb000408,吴卫东,男,1976,大专及其他,"副总经理,董事"
szmb000411,姜巨舫,男,1962,硕士及研究生,董事长
szmb000411,罗国良,男,1962,硕士及研究生,"总经理,董事"
szmb000411,应徐颉,男,1973,本科,"副总经理,董事"
szmb000411,徐得均,男,1973,硕士及研究生,董事
szmb000411,葛卫红,男,1969,博士研究生,董事
szmb000411,费荣富,男,1985,本科,董事
szmb000411,项先权,男,1964,博士研究生,独立董事
szmb000411,李蓥,女,1964,本科,独立董事
szmb000411,武滨,男,1959,硕士及研究生,独立董事
szmb000413,武吉伟,男,1971,硕士及研究生,董事长
szmb000413,王立鹏,男,1968,硕士及研究生,"总经理,董事"
szmb000413,龚昕,女,1979,本科,"董事,董秘"
szmb000413,张双才,男,1961,博士研究生,独立董事
szmb000413,鲁桂华,男,1968,博士研究生,独立董事
szmb000413,韩志国,男,1964,本科,独立董事
szmb000413,郭春林,男,1980,本科,监事会主席
szmb000413,徐玲智,女,1967,本科,监事
szmb000415,卓逸群,男,1973,硕士及研究生,"首席执行官,董事长"
szmb000415,房丽民,男,1964,大专及其他,副董事长
szmb000410,赵彪,男,1964,本科,董事长
szmb000410,徐仲,男,1979,硕士及研究生,"总裁,董事"
szmb000410,孙纯君,男,1964,本科,董事
szmb000410,车欣嘉,男,1963,本科,董事
szmb000410,钟田丽,女,1956,博士研究生,独立董事
szmb000410,李卓,女,1973,博士研究生,独立董事
szmb000410,张黎明,男,1955,本科,独立董事
szmb000410,李文华,男,1964,本科,监事会主席
szmb000410,鲁忠,男,1968,本科,监事
szmb000428,陈爱文,男,1963,硕士及研究生,独立董事
szmb000428,周志宏,男,1966,硕士及研究生,独立董事
szmb000428,许长龙,男,1962,硕士及研究生,独立董事
szmb000428,张超,男,1978,硕士及研究生,独立董事
szmb000428,郭敏,女,1967,硕士及研究生,监事会主席
szmb000428,邓泉清,男,1973,大专及其他,监事
szmb000428,葛晓炳,男,1965,本科,职工监事
szmb000428,凌洁,女,1969,本科,职工监事
szmb000428,周江军,男,1978,本科,常务副总经理
szmb000426,吉兴军,男,1968,本科,"总经理,董事"
szmb000426,董永,男,1972,本科,"财务总监,董事,常务副总经理"
szmb000426,孙凯,男,1973,硕士及研究生,"董秘,副总经理,董事"
szmb000426,吉祥,男,1985,硕士及研究生,董事
szmb000426,张旭东,男,1974,大专及其他,董事
szmb000426,李强新,男,1962,本科,独立董事
szmb000426,姜青梅,女,1970,本科,独立董事
szmb000426,隋景祥,男,1966,硕士及研究生,独立董事
szmb000046,陈基建,男,,硕士及研究生,"副总裁,董事"
szmb000046,张喜芳,男,1972,硕士及研究生,"副总裁,董事"
szmb000046,赵晓夏,男,,本科,董事
szmb000046,赵英伟,男,1971,硕士及研究生,董事
szmb000046,余政,男,1960,博士研究生,董事
szmb000046,冯鹤年,男,,硕士及研究生,董事
szmb000046,张博,男,,硕士及研究生,董事
szmb000046,陈飞翔,男,1956,博士研究生,独立董事
szmb000046,徐信忠,男,,博士研究生,独立董事
szmb000429,卓威衡,男,1970,本科,董事
szmb000429,杜军,男,1966,硕士及研究生,董事
szmb000429,曾志军,男,1971,硕士及研究生,董事
szmb000429,陈彦卿,女,1965,硕士及研究生,董事
szmb000429,顾乃康,男,1965,博士研究生,独立董事
szmb000429,刘中华,男,1965,硕士及研究生,独立董事
szmb000429,张华,男,1965,硕士及研究生,独立董事
szmb000429,鲍方舟,男,1978,硕士及研究生,独立董事
szmb000429,萧端,女,1958,博士研究生,独立董事
szmb000429,唐清泉,男,1961,博士研究生,独立董事
szmb000430,姚小义,男,1963,博士研究生,独立董事
szmb000430,姜亚,男,,本科,独立董事
szmb000430,李荻辉,女,1963,本科,独立董事
szmb000430,田贵君,男,1952,大专及其他,独立董事
szmb000430,万自锋,男,1973,本科,监事会主席
szmb000430,宋彬,男,1973,本科,监事
szmb000430,汪芳,女,1978,本科,职工监事
szmb000423,张炜,男,1971,博士研究生,独立董事
szmb000423,路清,男,1966,硕士及研究生,独立董事
szmb000423,杜杰,男,1963,本科,独立董事
szmb000423,方明,男,1958,博士研究生,监事会主席
szmb000423,冯毅,男,1962,硕士及研究生,监事
szmb000423,李世忠,男,1964,EMBA,监事
szmb000423,冯东林,女,1968,,职工监事
szmb000423,刘广立,男,,,职工监事
szmb000423,刘延风,男,1970,硕士及研究生,副总裁
szmb000425,林爱梅,女,1966,博士研究生,独立董事
szmb000425,秦悦民,男,1968,硕士及研究生,独立董事
szmb000425,王飞跃,男,1961,博士研究生,独立董事
szmb000425,李格,女,1966,硕士及研究生,监事会主席
szmb000425,季东胜,男,1968,本科,监事
szmb000425,张守航,男,1960,硕士及研究生,监事
szmb000425,许庆文,男,1968,本科,监事
szmb000425,黄建华,男,1984,博士研究生,职工监事
szmb000425,林海,男,1971,本科,职工监事
szmb000059,费建民,男,1967,本科,副总经理
szmb000059,康启发,男,1964,博士研究生,副总经理
szmb000059,郁春晓,男,1963,本科,副总经理
szmb000059,张宏伟,男,1965,本科,副总经理
szmb000059,徐竹林,男,1962,本科,副总经理
szmb000059,张世强,男,1967,本科,副总经理
szmb000407,王鹏,男,1957,博士研究生,董事长
szmb000063,谢大雄,男,1963,硕士及研究生,监事会主席
szmb000063,许维艳,女,1962,本科,监事
szmb000063,王俊峰,男,1966,大专及其他,监事
szmb000063,夏小悦,女,1975,本科,职工监事
szmb000063,李全才,男,1961,本科,职工监事
szmb000063,张振辉,男,1973,博士研究生,执行副总裁
szmb000063,庞胜清,男,1968,博士研究生,执行副总裁
szmb000063,邵威琳,男,1972,硕士及研究生,"执行副总裁,财务总监"
szmb000063,熊辉,男,1969,博士研究生,执行副总裁
szmb000409,张虹,男,1971,硕士及研究生,董事长
szmb000409,张宪依,男,1962,博士研究生,"总经理,董事"
szmb000409,李天章,男,1977,硕士及研究生,董事
szmb000409,何宏满,男,1972,本科,董事
szmb000409,张立新,男,1967,硕士及研究生,董事
szmb000409,李培进,男,1970,硕士及研究生,董事
szmb000409,陈志军,男,1965,博士研究生,独立董事
szmb000065,罗乐,女,1974,硕士及研究生,职工监事
szmb000065,赵志勇,男,1965,本科,副总经理
szmb000065,郭永春,男,1968,硕士及研究生,副总经理
szmb000065,单钧,男,1970,本科,副总经理
szmb000065,王晓冰,女,1968,本科,副总经理
szmb000065,杜晓东,男,1969,硕士及研究生,董秘
szmb000065,严家建,男,1980,硕士及研究生,财务总监
szmb000050,王磊,男,1971,硕士及研究生,副总经理
szmb000050,朱燕林,男,1974,本科,副总经理
szmb000050,彭旭辉,男,1981,硕士及研究生,副总经理
szmb000050,屈桂锦,女,1969,EMBA,副总经理
szmb000050,成为,男,1981,本科,副总经理
szmb000050,陈冰峡,女,1973,硕士及研究生,董秘
szmb000050,王彬,女,1972,硕士及研究生,总会计师
szmb000058,张海帆,女,1973,硕士及研究生,职工监事
szmb000421,李东,男,1961,博士研究生,独立董事
szmb000421,叶兴明,男,1964,本科,职工董事
szmb000421,陈刚,男,1960,大专及其他,监事会主席
szmb000421,蒋秋龙,男,1969,大专及其他,职工监事
szmb000421,周伟,男,1980,硕士及研究生,常务副总经理
szmb000421,王飞廷,男,1975,本科,副总经理
szmb000421,徐宁,男,1983,本科,董秘
szmb000421,孙彬,男,1982,本科,总会计师
szmb000420,金东杰,男,1973,本科,"总经理,董事"
szmb000418,肖明光,男,1970,硕士及研究生,董事
szmb000418,朱和平,男,1964,博士研究生,独立董事
szmb000418,陶向南,男,1966,博士研究生,独立董事
szmb000418,蒋青云,男,1964,博士研究生,独立董事
szmb000418,刘荻,男,1982,,监事会主席
szmb000418,王守虎,男,1981,本科,监事
szmb000418,徐彭城,男,1969,本科,职工监事
szmb000422,周晓华,男,1974,本科,"总经理,董事"
szmb000422,强炜,男,1966,本科,"董事,董秘"
szmb000422,郭锐,男,1980,本科,董事
szmb000422,虞云峰,男,1969,大专及其他,董事
szmb000422,张行锋,男,1978,大专及其他,董事
szmb000422,吴伟荣,女,1983,博士研究生,独立董事
szmb000422,张恬恬,女,1983,硕士及研究生,独立董事
szmb000422,王红峡,女,1967,硕士及研究生,独立董事
szmb000422,熊霖霏,男,1980,硕士及研究生,监事会主席
szmb000419,肖序,男,1954,博士研究生,独立董事
szmb000419,肖建雄,男,1971,硕士及研究生,独立董事
szmb000419,刘星薇,女,1957,大专及其他,独立董事
szmb000419,唐建成,男,1968,硕士及研究生,"总经济师,监事会召集人"
szmb000419,欧阳硕娃,女,1973,本科,监事
szmb000419,陶青,女,1968,硕士及研究生,监事
szmb000419,罗治国,男,1977,本科,职工监事
szmb000419,刘欢,女,1970,本科,职工监事
szmb000419,李晞,女,1970,本科,财务总监
szmb000060,余中民,男,1972,本科,副总裁
szmb000060,姚曙,男,1966,硕士及研究生,副总裁
szmb000060,黄建民,男,1968,硕士及研究生,董秘
szmb000060,李夏林,男,1961,本科,总工程师
szmb000049,王锋,男,1979,硕士及研究生,董秘
szmb000049,陈莉,女,,本科,财务总监
szmb000401,姜长禄,男,1965,硕士及研究生,董事长
szmb000402,高靓,女,1970,EMBA,董事长
szmb000402,杨扬,男,1968,EMBA,副董事长
szmb000402,上官清,女,1973,EMBA,副董事长
szmb000402,吕洪斌,男,1974,本科,"总经理,董事"
szmb000402,白力,男,1974,硕士及研究生,董事
szmb000402,赵泽辉,男,1971,EMBA,董事
szmb000402,牛俊杰,男,1964,硕士及研究生,独立董事
szmb000402,杨小舟,男,1964,博士研究生,独立董事
szmb000400,张旭升,男,1966,硕士及研究生,董事长
szmb000400,孙继强,男,1969,EMBA,"总经理,董事"
szmb000400,周群,男,1967,硕士及研究生,董事
szmb000400,张学深,男,1964,硕士及研究生,董事
szmb000400,檀国彪,男,1961,EMBA,董事
szmb000400,陈贵东,男,1971,硕士及研究生,董事
szmb000400,王叙果,女,1967,博士研究生,独立董事
szmb000338,谭旭光,男,1961,博士研究生,"首席执行官,董事长"
szmb000338,孙少军,男,1965,博士研究生,"董事,执行总裁,执行董事"
szmb000338,徐新玉,男,1963,硕士及研究生,"董事,执行总裁,执行董事"
szmb000338,张泉,男,1963,硕士及研究生,"董事,执行总裁,执行董事"
szmb000338,严鉴铂,男,1963,硕士及研究生,"执行总裁,董事"
szmb000338,袁宏明,男,1966,本科,"执行总裁,董事"
szmb000338,Gordon Riske,男,1958,硕士及研究生,董事
szmb000403,陈耿,男,1968,博士研究生,董事长
szmb000403,罗军,男,1980,本科,"总经理,董事"
szmb000403,郑毅,男,1980,本科,董事
szmb000403,袁华刚,男,1973,硕士及研究生,董事
szmb000403,张晟杰,男,1970,硕士及研究生,独立董事
szmb000403,刘书锦,男,1969,硕士及研究生,独立董事
szmb000403,余俊仙,女,1965,博士研究生,独立董事
szmb000403,周冠鑫,男,1971,本科,监事会主席
szmb000404,杨秀彪,男,1971,硕士及研究生,董事长
szmb000404,朱金松,男,1948,大专及其他,"总经理,董事"
szmb000404,王光全,男,1974,硕士及研究生,"董事,常务副总经理"
szmb000404,史强,男,1968,本科,"董事,董秘"
szmb000404,寇化梦,男,1970,EMBA,董事
szmb000404,何心坦,男,1980,硕士及研究生,董事
szmb000404,张蕊,女,1962,博士研究生,独立董事
szmb000045,宁毛仔,男,1975,本科,董事
szmb000045,黄宇,男,1974,硕士及研究生,董事
szmb000045,何祚文,男,1962,硕士及研究生,独立董事
szmb000045,蔡元庆,男,1969,博士研究生,独立董事
szmb000045,贺强,男,1952,,独立董事
szmb000045,王维星,男,1968,硕士及研究生,监事会主席
szmb000045,邹志威,男,1982,本科,监事
szmb000045,张晓东,男,1975,硕士及研究生,职工监事
szmb000045,乐坤久,男,1963,本科,副总经理
szmb000045,刘洪雷,男,1964,本科,副总经理
szmb000488,张晓峰,男,1978,博士研究生,监事
szmb000488,杨洪芹,女,1968,,职工监事
szmb000488,孙迎花,女,1969,大专及其他,职工监事
szmb000488,李雪芹,女,1966,本科,副总经理
szmb000488,李振中,男,1974,大专及其他,副总经理
szmb000488,杨伟明,男,1975,大专及其他,副总经理
szmb000488,胡长青,男,1966,本科,副总经理
szmb000488,张清志,男,1966,大专及其他,副总经理
szmb000488,潘兆昌,男,1976,硕士及研究生,"合资格会计师,董秘(香港)"
szmb000488,袁西坤,男,1986,本科,董秘
szmb000043,邹民,男,1964,大专及其他,职工监事
szmb000043,刘文波,男,1975,硕士及研究生,副总经理
szmb000043,杨祥,男,1964,硕士及研究生,董秘
szmb000043,张秀成,男,1965,本科,总会计师
szmb000048,胡隐昌,男,1961,博士研究生,独立董事
szmb000048,陈扬名,男,1964,博士研究生,独立董事
szmb000048,栾胜基,男,1951,,独立董事
szmb000048,曾江虹,女,1969,硕士及研究生,独立董事
szmb000417,方福前,男,1954,博士研究生,独立董事
szmb000417,李姝,女,1971,博士研究生,独立董事
szmb000417,陈结淼,男,1966,硕士及研究生,独立董事
szmb000417,吴红,女,1977,本科,职工董事
szmb000417,龚俊,男,1968,硕士及研究生,监事会主席
szmb000417,罗文萍,女,1967,本科,监事
szmb000417,裴文娟,女,1968,本科,职工监事
szmb000417,周福江,男,1976,本科,副总经理
szmb000417,梁红,女,1964,本科,副总经理
szmb000408,王聚宝,男,1964,硕士及研究生,董事
szmb000408,姚焕然,男,1958,本科,独立董事
szmb000408,王卫国,男,1951,博士研究生,独立董事
szmb000408,亓昭英,女,1964,大专及其他,独立董事
szmb000408,邵静,女,1962,本科,监事会主席
szmb000408,侯选明,男,1979,大专及其他,监事
szmb000408,李光俊,男,1967,大专及其他,职工监事
szmb000408,张生顺,男,1960,本科,副总经理
szmb000408,方丽,女,1964,本科,副总经理
szmb000416,刘冰,男,1957,硕士及研究生,副董事长
szmb000416,陈家华,男,1964,硕士及研究生,"总裁,董事"
szmb000416,严兴农,男,1960,硕士及研究生,"副总裁,董事"
szmb000416,陈良栋,男,1971,硕士及研究生,"董事,财务总监"
szmb000416,冯壮勇,男,1968,硕士及研究生,董事
szmb000416,鲁桂华,男,1968,博士研究生,独立董事
szmb000416,李慧中,男,1951,博士研究生,独立董事
szmb000416,钱爱民,女,1970,博士研究生,独立董事
szmb000416,赵英伟,男,1971,硕士及研究生,监事会主席
szmb000411,吴建华,女,1959,硕士及研究生,监事会主席
szmb000411,刘琼,女,1972,本科,监事
szmb000411,王政,男,1975,本科,监事
szmb000411,沈洁,女,1980,本科,职工监事
szmb000411,张华,男,1978,硕士及研究生,职工监事
szmb000411,包志虎,男,1962,硕士及研究生,副总经理
szmb000411,王江伟,男,1970,本科,副总经理
szmb000413,陈德伟,男,1964,大专及其他,监事
szmb000413,万欢欢,女,1985,本科,职工监事
szmb000413,谢居文,男,1977,硕士及研究生,职工监事
szmb000413,王忠辉,男,1978,硕士及研究生,副总经理
szmb000413,王建强,男,1964,本科,副总经理
szmb000413,刘文泰,男,1969,本科,副总经理
szmb000415,闻安民,男,1962,硕士及研究生,副董事长
szmb000415,郑宏,男,1966,本科,董事
szmb000415,刘文吉,男,1971,本科,董事
szmb000415,金平,男,1954,本科,董事
szmb000415,马春华,男,1969,博士研究生,独立董事
szmb000415,赵慧军,女,1964,博士研究生,独立董事
szmb000410,栗皎,女,1981,硕士及研究生,监事
szmb000410,杨新伟,男,1978,硕士及研究生,职工监事
szmb000410,徐宝军,男,1969,大专及其他,职工监事
szmb000410,周霞,女,1964,硕士及研究生,"副总裁,财务总监"
szmb000410,李双山,男,1959,硕士及研究生,副总裁
szmb000410,张天右,男,1980,硕士及研究生,董秘
szmb000428,傅景宏,男,1963,本科,副总经理
szmb000428,丁伟民,男,1974,硕士及研究生,副总经理
szmb000428,邓永平,男,1964,本科,副总经理
szmb000428,刘胜,男,1968,本科,"副总经理,董秘"
szmb000426,杨大平,男,1964,本科,监事会主席
szmb000426,陈庭燕,女,1984,硕士及研究生,监事
szmb000426,连瑞芹,女,1973,大专及其他,职工监事
szmb000046,余玉苗,男,1965,博士研究生,独立董事
szmb000046,孔爱国,男,1967,硕士及研究生,独立董事
szmb000046,胡坚,女,1957,博士研究生,独立董事
szmb000046,朱慈蕴,女,1955,博士研究生,独立董事
szmb000046,刘冰,男,,硕士及研究生,监事会主席
szmb000046,李能,男,,本科,监事会副主席
szmb000046,王辉,男,1964,硕士及研究生,监事
szmb000046,武晨,男,,硕士及研究生,副总裁
szmb000046,张帆,男,,硕士及研究生,监事
szmb000429,凌平,女,1963,本科,监事会主席
szmb000429,柯琳,女,1969,本科,监事
szmb000429,李海虹,女,1971,本科,监事
szmb000429,杨天树,男,1983,硕士及研究生,职工监事
szmb000429,曹晓英,女,1968,本科,职工监事
szmb000429,左江,女,1973,硕士及研究生,副总经理
szmb000429,程锐,男,1975,硕士及研究生,副总经理
szmb000429,杨汉明,男,1970,本科,董秘
szmb000430,金鑫,男,1972,大专及其他,"副总裁,董秘"
szmb000430,苏涛,男,1963,大专及其他,副总裁
szmb000430,向秀,女,1970,本科,财务总监
szmb000423,周祥山,男,1974,博士研究生,副总裁
szmb000423,王中诚,男,1960,本科,副总裁
szmb000423,尤金花,女,1963,硕士及研究生,副总裁
szmb000423,王金芝,女,1955,本科,财务负责人
szmb000425,李昊,男,1969,本科,职工监事
szmb000425,王岩松,男,1962,硕士及研究生,副总裁
szmb000425,王庆祝,男,1965,本科,副总裁
szmb000425,孙建忠,男,1966,博士研究生,副总裁
szmb000425,费广胜,男,1965,硕士及研究生,董秘
szmb000407,王坚,男,1955,EMBA,副董事长
szmb000407,杜以宏,男,1975,硕士及研究生,"CEO,董事,董秘"
szmb000063,徐慧俊,男,1973,硕士及研究生,执行副总裁
szmb000063,曹巍,女,1976,硕士及研究生,董秘
szmb000409,王乐锦,女,1962,博士研究生,独立董事
szmb000409,董华,男,1977,硕士及研究生,独立董事
szmb000409,王传进,男,1963,本科,监事会主席
szmb000058,彭爱云,男,1973,本科,"副总经理,董秘"
szmb000058,朱龙清,男,1961,硕士及研究生,副总经理
szmb000058,薄洪锡,男,1958,本科,副总经理
szmb000420,杜晓敏,男,1980,本科,"董事,财务负责人"
szmb000420,姜俊周,男,1958,大专及其他,董事
szmb000420,王剩勇,男,1970,本科,董事
szmb000422,叶蕊,女,1984,本科,监事
szmb000422,李爱华,女,1974,本科,职工监事
szmb000422,胡亚丽,女,1973,大专及其他,职工监事
szmb000422,李玉涵,女,1981,本科,职工监事
szmb000422,熊业晶,男,1973,本科,副总经理
szmb000422,林福平,男,1979,本科,副总经理
szmb000422,刘成勇,男,1975,大专及其他,财务总监
szmb000401,孔庆辉,男,1971,硕士及研究生,"总经理,董事"
szmb000401,刘素敏,女,1969,硕士及研究生,"副总经理,董事"
szmb000401,李衍,男,1969,本科,"副总经理,董事"
szmb000401,任前进,男,1967,硕士及研究生,"董事,财务总监"
szmb000401,于宝池,男,1960,硕士及研究生,董事
szmb000401,姚颐,女,1972,博士研究生,独立董事
szmb000402,林义相,男,1964,博士研究生,独立董事
szmb000402,栗谦,男,1965,硕士及研究生,监事会主席
szmb000402,谢鑫,男,1982,本科,监事
szmb000402,卢东亮,男,1971,EMBA,职工监事
szmb000402,盛华平,男,1967,本科,常务副总经理
szmb000402,杨轩,女,1969,硕士及研究生,副总经理
szmb000402,王志刚,男,1968,硕士及研究生,副总经理
szmb000402,傅英杰,男,1966,博士研究生,副总经理
szmb000402,张晓鹏,男,1972,硕士及研究生,"副总经理,董秘"
szmb000402,李亮,男,1980,硕士及研究生,副总经理
szmb000400,翟新生,男,1952,本科,独立董事
szmb000400,尹项根,男,1954,博士研究生,独立董事
szmb000400,张新昌,男,1962,本科,监事会主席
szmb000400,赵建宾,男,1968,本科,监事
szmb000400,王武杰,男,1963,EMBA,监事
szmb000400,张丽,女,1972,EMBA,职工监事
szmb000400,李维扬,男,1976,硕士及研究生,董秘
szmb000400,吴刚,男,1966,本科,职工监事
szmb000400,李瑞生,男,1966,硕士及研究生,"总工程师,副总经理"
szmb000338,江奎,男,1964,硕士及研究生,董事
szmb000338,王曰普,男,1963,硕士及研究生,董事
szmb000338,王贡勇,男,1973,硕士及研究生,独立董事
szmb000338,卢毅,男,1964,本科,独立董事
szmb000338,李洪武,男,1962,硕士及研究生,独立董事
szmb000338,宁向东,男,1966,博士研究生,独立董事
szmb000338,张忠,男,1969,硕士及研究生,独立董事
szmb000403,王卫征,男,1982,硕士及研究生,监事
szmb000403,简子霞,女,1987,本科,职工监事
szmb000403,张广东,男,1977,硕士及研究生,副总经理
szmb000403,闫治仲,男,1976,本科,董秘
szmb000403,田晨峰,男,1984,本科,财务总监
szmb000404,李余利,女,1967,博士研究生,独立董事
szmb000404,唐英凯,男,1970,博士研究生,独立董事
szmb000045,姜澎,女,1970,本科,董秘
szmb000488,胡金宝,男,1967,本科,财务总监
szmb000048,何光明,男,1957,大专及其他,监事会主席
szmb000048,蒋艳华,女,1977,本科,监事
szmb000048,李晓锋,女,1963,大专及其他,监事
szmb000048,张明华,男,1971,硕士及研究生,监事
szmb000048,夏希忠,男,1971,本科,职工监事
szmb000048,胡琴,女,1967,硕士及研究生,"副总裁,董秘"
szmb000048,廖益平,男,1972,博士研究生,副总裁
szmb000408,蒋秀恒,男,1990,硕士及研究生,董秘
szmb000408,刘威,男,1968,大专及其他,财务总监
szmb000408,冯民,男,1960,本科,总工程师
szmb000416,李能,男,,本科,监事会副主席
szmb000416,罗成,男,,硕士及研究生,监事
szmb000416,王成福,男,,本科,职工监事
szmb000411,吴敏英,女,1976,本科,副总经理
szmb000411,姜晓丽,女,1963,硕士及研究生,副总经理
szmb000411,谭江,男,1984,硕士及研究生,董秘
szmb000411,谌明,男,1976,硕士及研究生,财务总监
szmb000333,方洪波,男,1967,硕士及研究生,"总裁,董事长"
szmb000333,朱凤涛,男,1968,博士研究生,"副总裁,董事"
szmb000333,顾炎民,男,1963,博士研究生,"副总裁,董事"
szmb000301,计高雄,男,1972,本科,"总经理,董事长"
szmb000301,冯琴,女,1973,本科,"副总经理,董事"
szmb000301,梅勤华,女,1970,本科,董事
szmb000301,连向阳,男,1971,硕士及研究生,独立董事
szmb000301,张祥建,男,1975,博士研究生,独立董事
szmb000301,万解秋,男,1955,博士研究生,独立董事
szmb000301,倪根元,男,1968,本科,监事会主席
szmb000301,李红,女,1977,本科,监事
szmb000413,王俊明,男,1964,硕士及研究生,副总经理
szmb000415,庄起善,男,1950,博士研究生,独立董事
szmb000415,成小云,男,1962,博士研究生,监事会主席
szmb000415,卢声,男,1986,硕士及研究生,监事
szmb000415,马丽,女,1986,硕士及研究生,职工监事
szmb000415,白晓宇,女,1984,硕士及研究生,"首席风险官,副总经理"
szmb000415,刘正伟,男,1979,硕士及研究生,副总经理
szmb000426,张树成,男,1973,本科,副总经理
szmb000426,罗斌,男,1979,本科,副总经理
szmb000426,李学天,男,1978,本科,副总经理
szmb000426,张斌,男,1979,硕士及研究生,副总经理
szmb000046,刘晓勇,男,,本科,监事
szmb000046,苏刚,男,,本科,监事
szmb000046,罗成,男,,硕士及研究生,监事
szmb000046,臧炜,男,,硕士及研究生,监事
szmb000407,李守清,女,1971,本科,"总会计师,董事"
szmb000407,臧其文,女,1954,EMBA,董事
szmb000407,马翔,男,1970,硕士及研究生,董事
szmb000407,田贯三,男,1963,,独立董事
szmb000407,张宇锋,男,1963,EMBA,独立董事
szmb000407,张树明,男,1966,硕士及研究生,独立董事
szmb000407,朱龙,男,1954,硕士及研究生,独立董事
szmb000407,孟莲,女,1965,EMBA,监事长
szmb000409,宋少芹,女,1975,本科,监事
szmb000409,段东,女,1977,硕士及研究生,监事
szmb000409,李玉峰,男,1982,本科,职工监事
szmb000409,董吉林,男,1975,大专及其他,副总经理
szmb000409,岳志朋,男,1982,本科,副总经理
szmb000409,赵庆国,男,1971,本科,副总经理
szmb000409,李清华,男,1964,本科,副总经理
szmb000409,黄新才,男,1975,本科,副总经理
szmb000409,滕永波,男,1969,硕士及研究生,副总经理
szmb000409,于志臣,男,1963,本科,副总经理
szmb000420,孙玉晶,女,1966,大专及其他,董事
szmb000420,刘宏伟,男,1960,硕士及研究生,董事
szmb000420,丁晋奇,男,1981,本科,独立董事
szmb000420,刘彦文,男,1965,博士研究生,独立董事
szmb000420,李金泉,男,1953,硕士及研究生,独立董事
szmb000401,孔祥忠,男,1954,本科,独立董事
szmb000401,柴朝明,男,1969,硕士及研究生,独立董事
szmb000401,刘宗山,男,1961,硕士及研究生,监事会主席
szmb000402,张梅华,女,1969,硕士及研究生,财务总监
szmb000400,张爱玲,女,1968,本科,副总经理
szmb000400,王廷华,男,1973,硕士及研究生,副总经理
szmb000400,白慧,女,1975,本科,副总经理
szmb000400,易永辉,男,1969,博士研究生,副总经理
szmb000400,姜南,男,1964,硕士及研究生,总会计师
szmb000338,鲁文武,男,1964,本科,监事会主席
szmb000404,李云强,男,1970,本科,监事会主席
szmb000404,周钰,女,1970,本科,监事
szmb000404,陈思远,男,1971,硕士及研究生,职工监事
szmb000404,余万春,男,1970,本科,总会计师
szmb000404,吴景华,男,1962,本科,总工程师
szmb000155,王诚,男,1966,硕士及研究生,董事长
szmb000155,张杰,男,1975,硕士及研究生,"董事,常务副总经理"
szmb000157,詹纯新,男,1955,博士研究生,"首席执行官,董事长"
szmb000157,刘权,男,1963,EMBA,监事
szmb000157,胡新保,男,1968,本科,董事
szmb000157,赵令欢,男,1963,硕士及研究生,董事
szmb000157,赵嵩正,男,1961,博士研究生,独立董事
szmb000157,杨昌伯,男,1954,博士研究生,独立董事
szmb000157,黎建强,男,1950,博士研究生,独立董事
szmb000166,储晓明,男,1962,硕士及研究生,董事长
szmb000166,冯戎,男,1962,硕士及研究生,副董事长
szmb000166,陈亮,男,1968,硕士及研究生,"总经理,董事"
szmb000166,陈建民,男,1963,硕士及研究生,董事
szmb000166,屈艳萍,女,1966,硕士及研究生,董事
szmb000166,王洪刚,男,1975,硕士及研究生,董事
szmb000166,叶梅,女,1966,硕士及研究生,独立董事
szmb000158,肖荣智,男,1969,硕士及研究生,董事长
szmb000158,应华江,男,1969,本科,副董事长
szmb000158,李锋,男,1970,本科,"总经理,董事"
szmb000158,薛建昌,男,1964,本科,"董事,总工程师,副总经理"
szmb000158,白彦春,男,1966,硕士及研究生,董事
szmb000158,徐卫波,男,1972,本科,董事
szmb000158,王惠君,男,1964,本科,董事
szmb000159,丁治平,男,1959,硕士及研究生,"总经理,董事长"
szmb000159,王炜,男,1960,大专及其他,"副总经理,董事"
szmb000159,梁月林,男,1966,硕士及研究生,"副总经理,董事"
szmb000159,李润起,男,1974,硕士及研究生,"董事,董秘"
szmb000159,王金秋,女,1963,大专及其他,董事
szmb000159,刘健翔,男,1970,硕士及研究生,董事
szmb000159,邓峰,男,1971,博士研究生,独立董事
szmb000156,陆政品,男,1972,本科,董事长
szmb000156,周宏,男,1959,硕士及研究生,"副总裁,董事"
szmb000156,沈林华,男,1965,本科,董事
szmb000156,胡晓明,男,1970,硕士及研究生,董事
szmb000156,冯钟鸣,男,1963,本科,董事
szmb000156,邵晓锋,男,1966,本科,董事
szmb000416,庞建华,男,1981,本科,职工监事
szmb000416,张颖,女,,硕士及研究生,董秘
szmb000333,李飞德,男,1977,硕士及研究生,"副总裁,董事"
szmb000333,殷必彤,男,1968,硕士及研究生,"副总裁,董事"
szmb000333,何剑锋,男,1967,本科,董事
szmb000333,郭学进,男,1959,硕士及研究生,独立董事
szmb000333,黎文靖,男,1979,博士研究生,独立董事
szmb000301,沈菊妹,女,1980,本科,监事
szmb000301,杜佳鸣,男,1982,本科,监事
szmb000301,申金元,男,1962,硕士及研究生,职工监事
szmb000301,孙怡虹,女,1966,本科,"副总经理,财务负责人"
szmb000301,马小勇,男,1974,本科,副总经理
szmb000301,汪钟颖,女,1974,本科,董秘
szmb000415,彭鹏,男,1982,本科,副总经理
szmb000415,王景然,男,1984,硕士及研究生,董秘
szmb000046,刘洪伟,男,1967,硕士及研究生,监事
szmb000046,舒高勇,男,,博士研究生,监事
szmb000046,李强,男,,硕士及研究生,职工监事
szmb000046,王彤,女,1971,本科,职工监事
szmb000046,赵东,男,,硕士及研究生,职工监事
szmb000046,吴立峰,男,,硕士及研究生,职工监事
szmb000046,孙云岚,女,,本科,职工监事
szmb000046,潘瑞平,男,,硕士及研究生,副总裁
szmb000046,刘国升,男,1968,硕士及研究生,财务总监
szmb000407,刘志强,男,1961,硕士及研究生,副监事长
szmb000407,王健,女,1987,硕士及研究生,监事
szmb000407,周立杰,女,1974,硕士及研究生,监事
szmb000407,张仲力,男,1968,本科,职工监事
szmb000407,孙卜武,男,1964,大专及其他,副总裁
szmb000407,王世盟,男,1967,本科,副总裁
szmb000407,王友印,男,1970,本科,副总裁
szmb000409,姜世涛,男,1980,硕士及研究生,副总经理
szmb000409,马立东,男,1981,硕士及研究生,"副总经理,董秘"
szmb000420,年志远,男,1956,博士研究生,独立董事
szmb000420,刘凤久,男,1963,硕士及研究生,监事会主席
szmb000420,曲大军,男,1976,大专及其他,监事
szmb000420,郑桂云,女,1970,本科,监事
szmb000420,王景霞,女,1970,本科,职工监事
szmb000420,周国利,男,1966,本科,职工监事
szmb000420,王冬梅,女,1970,本科,常务副总经理
szmb000420,黄义明,男,1960,大专及其他,副总经理
szmb000401,王川,男,1975,本科,监事
szmb000401,赵晨光,男,1980,硕士及研究生,职工监事
szmb000401,王向东,男,1971,硕士及研究生,副总经理
szmb000401,张占民,男,1964,本科,副总经理
szmb000401,刘臣,男,1963,硕士及研究生,副总经理
szmb000401,刘宇,男,1982,本科,董秘
szmb000338,吴洪伟,男,1966,硕士及研究生,监事
szmb000338,马常海,男,1974,本科,职工监事
szmb000338,胡浩然,男,1956,博士研究生,副总裁
szmb000338,张纪元,男,1964,硕士及研究生,副总裁
szmb000338,任冰冰,女,1965,硕士及研究生,副总裁
szmb000338,李绍华,男,1965,本科,副总裁
szmb000338,丁迎东,男,1968,本科,副总裁
szmb000338,冯刚,男,1964,本科,副总裁
szmb000155,甄佳,女,1983,硕士及研究生,董事
szmb000155,曾廷敏,男,1954,硕士及研究生,独立董事
szmb000155,张玲玲,女,1971,大专及其他,独立董事
szmb000155,熊娟,女,1975,硕士及研究生,监事会主席
szmb000155,王国军,男,1973,本科,监事
szmb000155,陈林,男,1961,本科,职工监事
szmb000155,陶旗,男,1963,硕士及研究生,总经理
szmb000155,徐海燕,女,1984,硕士及研究生,副总经理
szmb000155,张斌,女,1975,本科,董秘
szmb000157,刘桂良,女,1963,本科,独立董事
szmb000157,傅筝,女,1968,硕士及研究生,监事会主席
szmb000157,刘驰,男,1957,硕士及研究生,职工监事
szmb000157,苏用专,男,1972,博士研究生,副总裁
szmb000157,李江涛,男,1963,硕士及研究生,副总裁
szmb000157,殷正富,男,1956,本科,副总裁
szmb000157,方明华,男,1957,本科,副总裁
szmb000157,熊焰明,男,1964,硕士及研究生,副总裁
szmb000157,刘洁,女,1968,硕士及研究生,副总裁
szmb000166,谢荣,男,1952,博士研究生,独立董事
szmb000166,黄丹涵,女,1949,博士研究生,独立董事
szmb000166,杨玉成,男,1971,硕士及研究生,监事会主席
szmb000166,龚波,男,1966,硕士及研究生,监事
szmb000166,温锋,男,1968,硕士及研究生,监事
szmb000166,卫勇,男,1972,硕士及研究生,监事
szmb000166,安歌军,男,1968,博士研究生,职工监事
szmb000166,黄琦,男,1966,硕士及研究生,职工监事
szmb000166,谢鲲,男,1978,硕士及研究生,职工监事
szmb000158,史静敏,女,1966,大专及其他,独立董事
szmb000158,李量,男,1967,硕士及研究生,独立董事
szmb000158,袁宗琦,男,1955,大专及其他,独立董事
szmb000158,李质仙,男,1956,硕士及研究生,独立董事
szmb000158,邵光毅,男,1959,本科,监事会主席
szmb000158,王哲,男,1972,本科,监事
szmb000158,高俊岐,男,1963,本科,监事
szmb000159,徐世美,女,1973,博士研究生,独立董事
szmb000159,胡本源,男,1974,博士研究生,独立董事
szmb000159,张彦夫,男,1967,大专及其他,监事长
szmb000159,曹世强,男,1974,大专及其他,监事
szmb000159,谭剑峰,男,1970,本科,监事
szmb000159,孟小虎,男,1972,本科,职工监事
szmb000156,聂润成,男,1972,硕士及研究生,独立董事
szmb000156,曹恒,女,1972,硕士及研究生,独立董事
szmb000156,吴小莉,女,,硕士及研究生,独立董事
szmb000333,吴世农,男,1956,博士研究生,独立董事
szmb000333,芮萌,男,1967,博士研究生,独立董事
szmb000333,刘敏,女,1978,硕士及研究生,监事会主席
szmb000333,赵军,男,1975,硕士及研究生,监事
szmb000333,梁惠铭,女,1983,本科,职工监事
szmb000333,王建国,男,1976,硕士及研究生,副总裁
szmb000333,胡自强,男,1957,博士研究生,副总裁
szmb000153,何宏满,男,1972,本科,董事长
szmb000153,卢家和,男,1963,本科,"总经理,董事"
szmb000153,章绍毅,男,1962,大专及其他,"副总经理,董事"
szmb000153,胡月娥,女,1962,本科,"副总经理,董事"
szmb000153,张军,男,1970,本科,"董事,董秘"
szmb000151,刘艳,女,1966,硕士及研究生,董事长
szmb000151,张晖,男,1968,本科,"总经理,董事"
szmb000151,张朋,男,1978,本科,"财务总监,副总经理,董事,董秘"
szmb000151,顾海涛,男,1963,硕士及研究生,董事
szmb000151,黄晖,男,1971,硕士及研究生,董事
szmb000151,白鸿,男,1966,本科,董事
szmb000415,陈曦,女,1973,本科,财务总监
szmb000409,薛希凤,女,1976,本科,财务总监
szmb000420,王小波,男,1962,本科,副总经理
szmb000420,魏全东,男,1978,大专及其他,副总经理
szmb000420,姜厚友,男,,,副总经理
szmb000338,佟德辉,男,1964,博士研究生,副总裁
szmb000338,戴立新,男,1967,本科,"副总裁,董秘"
szmb000338,刘元强,男,1971,本科,副总裁
szmb000338,邝焜堂,男,1966,本科,财务总监
szmb000155,王大海,男,1968,硕士及研究生,财务负责人
szmb000157,黄群,女,1966,本科,副总裁
szmb000157,王金富,男,1956,硕士及研究生,副总裁
szmb000157,郭学红,男,1962,硕士及研究生,副总裁
szmb000157,杜毅刚,女,1975,本科,"副总裁,财务负责人"
szmb000157,申柯,男,1971,硕士及研究生,董秘
szmb000157,付玲,女,1967,博士研究生,总工程师
szmb000166,王艳阳,男,1971,本科,职工监事
szmb000166,阳昌云,男,1970,博士研究生,"财务总监,副总经理,董秘"
szmb000158,赵英涛,男,1968,本科,"总会计师,常务副总经理"
szmb000158,童庆明,男,1968,EMBA,副总经理
szmb000158,咸勇,男,1979,本科,副总经理
szmb000158,刘辉,男,1964,本科,副总经理
szmb000158,娄天峰,男,1977,博士研究生,副总经理
szmb000159,陈国强,男,1964,大专及其他,职工监事
szmb000159,乔新霞,女,1963,硕士及研究生,"常务副总经理,财务总监"
szmb000099,蒲坚,男,1958,硕士及研究生,董事长
szmb000096,张桂泉,男,1966,本科,董事长
szmb000096,陈大龙,男,1962,硕士及研究生,副董事长
szmb000096,李洪生,男,1963,硕士及研究生,"总经理,董事"
szmb000096,张满华,男,1975,硕士及研究生,董事
szmb000096,杨红宇,男,1967,硕士及研究生,董事
szmb000096,郭立邦,男,1963,硕士及研究生,董事
szmb000089,罗育德,男,1971,硕士及研究生,董事长
szmb000089,陈繁华,男,1966,本科,"总经理,董事"
szmb000089,徐燕,女,1975,本科,董事
szmb000089,陈敏生,男,1962,硕士及研究生,董事
szmb000089,陈金祖,男,1963,本科,董事
szmb000156,董安生,男,1952,博士研究生,独立董事
szmb000156,许倩,女,1975,硕士及研究生,独立董事
szmb000156,吴杰,男,1975,本科,监事会主席
szmb000156,来涛,男,1976,本科,监事
szmb000156,章磊,男,1975,本科,监事
szmb000156,潘晓峰,女,1976,本科,职工监事
szmb000156,袁芬,女,1971,大专及其他,职工监事
szmb000150,陈奕民,男,1972,大专及其他,董事长
szmb000150,刘壮青,男,1986,本科,"总经理,董事"
szmb000150,邱海涛,男,1976,硕士及研究生,"财务总监,董事,董秘"
szmb000150,王少侬,女,1963,,董事
szmb000150,郭维,男,1978,硕士及研究生,独立董事
szmb000150,夏成才,男,1949,本科,独立董事
szmb000100,李东生,男,1957,本科,"首席执行官,董事长"
szmb000100,贺锦雷,男,1974,硕士及研究生,副董事长
szmb000100,刘斌,男,1970,本科,副董事长
szmb000100,黄伟,男,1963,硕士及研究生,"高级副总裁,董事"
szmb000100,廖骞,男,1980,硕士及研究生,"董事,董秘"
szmb000090,韩德宏,男,1962,博士研究生,董事长
szmb000090,宋扬,男,1968,硕士及研究生,"总经理,董事"
szmb000090,胡皓华,男,1957,硕士及研究生,"董事,财务总监"
szmb000090,童庆火,男,1963,硕士及研究生,董事
szmb000090,王成义,男,1967,硕士及研究生,独立董事
szmb000090,潘同文,男,1961,硕士及研究生,独立董事
szmb000333,王金亮,男,1967,硕士及研究生,副总裁
szmb000333,张小懿,男,1973,硕士及研究生,副总裁
szmb000333,向卫民,男,1966,硕士及研究生,副总裁
szmb000333,江鹏,男,1973,硕士及研究生,董秘
szmb000333,肖明光,男,1970,硕士及研究生,财务总监
szmb000153,陆震虹,女,1975,本科,董事
szmb000151,江华,男,1963,硕士及研究生,独立董事
szmb000151,武雅斌,男,1974,博士研究生,独立董事
szmb000151,于太祥,男,1970,EMBA,独立董事
szmb000151,王庆和,男,,本科,监事会主席
szmb000151,王小中,男,,硕士及研究生,监事
szmb000151,韩瑛,女,1963,本科,职工监事
szmb000420,徐建国,男,1968,本科,董秘
szmb000155,辜凯德,男,1965,硕士及研究生,总工程师
szmb000158,何长青,男,1963,本科,副总经理
szmb000158,池俊平,男,1971,本科,董秘
szmb000078,张思民,男,1962,博士研究生,董事局主席
szmb000078,张锋,男,1972,硕士及研究生,董事局副主席
szmb000078,刘占军,男,1958,博士研究生,"总裁,董事"
szmb000078,许战奎,男,1963,本科,董事
szmb000078,刘来平,男,1970,博士研究生,独立董事
szmb000088,乔宏伟,男,1969,本科,董事长
szmb000088,黄黎忠,男,1966,硕士及研究生,"总经理,董事"
szmb000088,徐晓阳,男,1959,硕士及研究生,董事
szmb000088,刘南安,男,1963,硕士及研究生,董事
szmb000088,童亚明,男,1959,博士研究生,董事
szmb000088,栗淼,男,1973,硕士及研究生,董事
szmb000088,李若山,男,1949,博士研究生,独立董事
szmb000096,李世标,男,1964,本科,董事
szmb000096,李颖琦,女,1976,博士研究生,独立董事
szmb000096,赵政,男,1983,硕士及研究生,独立董事
szmb000096,周霞,女,1970,本科,独立董事
szmb000096,唐天云,男,1960,本科,独立董事
szmb000096,王坚,女,1970,大专及其他,监事会主席
szmb000099,王鹏,男,1972,本科,"总经理,副董事长"
szmb000099,马雷,男,1970,本科,副董事长
szmb000099,赵祉胜,男,1959,硕士及研究生,副董事长
szmb000099,孙大陆,男,1968,硕士及研究生,副董事长
szmb000099,李宗前,男,1960,本科,董事
szmb000099,蔺静,女,1969,硕士及研究生,董事
szmb000089,黄亚英,男,1962,硕士及研究生,独立董事
szmb000089,赵波,男,1977,本科,独立董事
szmb000089,沈维涛,男,1963,博士研究生,独立董事
szmb000089,张立轩,男,1967,硕士及研究生,职工董事
szmb000089,吴悦娟,女,1964,硕士及研究生,监事会主席
szmb000089,张子胜,男,1971,硕士及研究生,监事
szmb000089,田立新,男,1966,本科,职工监事
szmb000089,秦长生,男,1960,本科,"副总经理,财务负责人"
szmb000156,肖兴祥,男,1972,硕士及研究生,副总裁
szmb000156,乔小燕,女,1975,硕士及研究生,副总裁
szmb000156,方芳,女,1972,本科,副总裁
szmb000156,卓越,男,1982,本科,副总裁
szmb000156,王颖轶,男,1981,硕士及研究生,董秘
szmb000156,何刚,男,1968,本科,财务总监
szmb000150,王振耀,男,1954,博士研究生,独立董事
szmb000150,李智,男,1967,本科,监事会主席
szmb000150,陈超纯,女,1992,本科,监事
szmb000150,刘晓,女,1984,本科,职工监事
szmb000100,黄旭斌,男,1965,EMBA,"首席财务官,董事"
szmb000100,杜娟,女,1970,EMBA,"首席运营官,董事"
szmb000100,吴晓晖,女,1972,博士研究生,董事
szmb000090,郭刚,男,1971,硕士及研究生,独立董事
szmb000090,王培先,男,1971,博士研究生,监事会主席
szmb000090,俞浩,女,1973,硕士及研究生,监事
szmb000090,王芳成,男,1982,硕士及研究生,监事
szmb000090,龚克,男,1962,硕士及研究生,职工监事
szmb000090,周志明,男,1963,硕士及研究生,职工监事
szmb000090,陈强,男,1965,硕士及研究生,副总经理
szmb000090,何云武,男,1971,本科,副总经理
szmb000090,高建柏,男,1964,硕士及研究生,"副总经理,董秘"
szmb000090,尹剑辉,男,1968,硕士及研究生,副总经理
szmb000153,张瑞稳,男,1964,硕士及研究生,独立董事
szmb000153,丁斌,男,1962,博士研究生,独立董事
szmb000153,杨敬石,男,1983,硕士及研究生,独立董事
szmb000153,杨杰,男,1974,本科,监事会主席
szmb000153,汪洪湖,男,1963,本科,监事
szmb000153,吴征,男,1981,本科,职工监事
szmb000153,张玉萍,女,1970,本科,副总经理
szmb000153,汝添乐,男,1985,本科,副总经理
szmb000153,朱晓庆,女,1978,本科,副总经理
szmb000151,林滟,女,1964,本科,副总经理
szmb000151,刘德勇,男,1968,硕士及研究生,总工程师
szmb000078,谷杨,女,1963,硕士及研究生,独立董事
szmb000078,詹伟哉,男,1964,博士研究生,独立董事
szmb000078,聂志华,男,1958,硕士及研究生,监事会主席
szmb000078,吕恒新,男,1972,硕士及研究生,监事
szmb000078,冯汉林,男,1966,本科,职工监事
szmb000078,张翼飞,男,1973,本科,副总裁
szmb000078,张全礼,男,1952,EMBA,副总裁
szmb000078,于琳,女,1957,硕士及研究生,副总裁
szmb000088,宋萍萍,女,1967,硕士及研究生,独立董事
szmb000088,黄胜蓝,男,1951,硕士及研究生,独立董事
szmb000088,吴福良,男,1963,博士研究生,监事会主席
szmb000088,王沛航,男,1967,硕士及研究生,监事
szmb000088,赖宣尧,男,1964,硕士及研究生,职工监事
szmb000088,李安民,男,1967,本科,副总经理
szmb000088,李琦,男,1966,硕士及研究生,"副总经理,财务总监"
szmb000088,冯强,男,1966,硕士及研究生,副总经理
szmb000088,黄旋,男,1968,硕士及研究生,副总经理
szmb000088,陈磊,男,1977,硕士及研究生,董秘
szmb000096,彭斯琦,男,1982,本科,职工监事
szmb000096,沈诚,男,1968,本科,职工监事
szmb000096,叶见青,男,1962,本科,副总经理
szmb000096,嵇元弘,女,1967,本科,"副总经理,董秘"
szmb000096,黄邦欣,男,1980,硕士及研究生,副总经理
szmb000096,陈强,男,1963,硕士及研究生,副总经理
szmb000099,李刚,男,1970,硕士及研究生,董事
szmb000089,沈坚,男,1966,硕士及研究生,副总经理
szmb000089,应学民,男,1965,硕士及研究生,副总经理
szmb000089,黄文奕,男,1962,本科,副总经理
szmb000089,孙郑岭,男,1966,硕士及研究生,董秘
szmb000068,黄俞,男,1968,硕士及研究生,董事长
szmb000068,孙盛典,男,1955,博士研究生,副董事长
szmb000068,邢春琪,男,1969,本科,"总经理,董事"
szmb000066,靳宏荣,男,1966,硕士及研究生,董事长
szmb000066,陈小军,男,,本科,"总裁,董事"
szmb000066,张志勇,男,,硕士及研究生,董事
szmb000066,李峻,男,,博士研究生,董事
szmb000066,孔雪屏,女,,硕士及研究生,董事
szmb000066,吕宝利,男,,本科,董事
szmb000066,虞世全,男,1967,硕士及研究生,独立董事
szmb000042,姚日波,男,1968,本科,董事长
szmb000042,谭华森,男,1962,硕士及研究生,副董事长
szmb000042,申成文,男,1962,硕士及研究生,董事
szmb000042,贾帅,男,1975,本科,董事
szmb000042,吴天洲,男,1972,本科,董事
szmb000042,王道海,男,1966,硕士及研究生,董事
szmb000070,蒋勤俭,男,1962,本科,董事长
szmb000070,杨洪宇,男,1978,硕士及研究生,"总经理,董事"
szmb000070,邓树娥,女,1975,本科,董事
szmb000070,常琦,男,1974,硕士及研究生,董事
szmb000069,段先念,男,1958,硕士及研究生,董事长
szmb000069,姚军,男,1960,硕士及研究生,副董事长
szmb000069,王晓雯,女,1969,本科,"总裁,董事"
szmb000069,王久玲,男,1957,本科,董事
szmb000069,许刚,男,1956,本科,独立董事
szmb000069,余海龙,男,1950,硕士及研究生,独立董事
szmb000069,吴安迪,女,1954,硕士及研究生,独立董事
szmb000040,朱胜利,男,1970,硕士及研究生,"总经理,董事长"
szmb000040,陈泰泉,男,1963,硕士及研究生,董事
szmb000040,邓新贵,男,1964,本科,"副总经理,董事"
szmb000040,柏志伟,女,1982,硕士及研究生,"董秘,副总经理,董事"
szmb000040,王甫民,男,1965,本科,"副总经理,董事"
szmb000040,黄志良,男,1965,本科,董事
szmb000100,阎焱,男,1957,硕士及研究生,独立董事
szmb000100,刘薰词,男,1959,硕士及研究生,独立董事
szmb000100,卢馨,女,1963,博士研究生,独立董事
szmb000100,周国富,男,1964,博士研究生,独立董事
szmb000100,何卓辉,男,1966,,监事会主席
szmb000100,邱海燕,女,1975,本科,监事
szmb000100,毛天祥,男,1980,本科,职工监事
szmb000100,金旴植,男,1955,硕士及研究生,高级副总裁
szmb000100,王成,男,1974,EMBA,高级副总裁
szmb000153,李国坤,男,1972,本科,副总经理
szmb000153,李俊,男,1977,大专及其他,财务总监
szmb000078,沈大凯,男,1965,EMBA,"财务总监,副总裁,董秘"
szmb000088,李峰,男,1963,本科,总工程师
szmb000099,赵宏剑,女,1965,本科,董事
szmb000099,杨刚强,男,1970,硕士及研究生,董事
szmb000099,苏梅,女,1969,硕士及研究生,独立董事
szmb000099,王玉梅,女,1962,博士研究生,独立董事
szmb000099,叶忠为,男,1970,本科,独立董事
szmb000099,张长江,男,1959,本科,独立董事
szmb000068,刘佼,女,1987,硕士及研究生,董事
szmb000068,童利斌,男,1972,博士研究生,董事
szmb000068,张诗平,男,1963,硕士及研究生,董事
szmb000068,潘文堂,男,1965,硕士及研究生,董事
szmb000068,林涛,男,1972,博士研究生,独立董事
szmb000068,雷达,男,1962,博士研究生,独立董事
szmb000068,孙枫,男,1952,硕士及研究生,独立董事
szmb000068,任意,女,1984,本科,独立董事
szmb000066,蓝庆新,男,1976,博士研究生,独立董事
szmb000066,吴中海,男,,博士研究生,独立董事
szmb000066,马跃,男,1959,本科,监事会主席
szmb000066,李福江,女,1968,本科,监事
szmb000066,李斌,男,,硕士及研究生,职工监事
szmb000066,戴湘桃,男,1967,本科,高级副总裁
szmb000066,段军,男,,本科,高级副总裁
szmb000066,徐刚,男,,硕士及研究生,高级副总裁
szmb000066,周在龙,男,1974,硕士及研究生,高级副总裁
szmb000042,钟鹏翼,男,1955,硕士及研究生,独立董事
szmb000042,张立民,男,1955,博士研究生,独立董事
szmb000042,张英,男,1974,博士研究生,独立董事
szmb000042,魏洁生,男,1962,硕士及研究生,监事会主席
szmb000042,陈晔东,男,1973,硕士及研究生,监事
szmb000042,赵春扬,男,1981,本科,监事
szmb000042,陈玲,女,1974,硕士及研究生,职工监事
szmb000042,陈星,女,1980,EMBA,职工监事
szmb000070,李明俊,女,1966,硕士及研究生,董事
szmb000070,韦岗,男,1963,博士研究生,独立董事
szmb000070,王宇新,男,1966,硕士及研究生,独立董事
szmb000070,王继中,男,1947,硕士及研究生,独立董事
szmb000070,罗伯均,男,1962,大专及其他,监事会主席
szmb000070,吴锐楷,男,1971,硕士及研究生,监事
szmb000070,覃伟清,女,1966,硕士及研究生,职工监事
szmb000069,周纪昌,男,1950,硕士及研究生,独立董事
szmb000069,陈跃华,男,1963,硕士及研究生,监事长
szmb000069,叶向阳,男,1968,硕士及研究生,监事
szmb000069,刘轲,男,1981,本科,职工监事
szmb000069,袁静平,男,1964,硕士及研究生,副总裁
szmb000069,杨杰,男,1961,本科,副总裁
szmb000069,张大帆,男,1966,硕士及研究生,副总裁
szmb000069,关山,男,1971,硕士及研究生,董秘
szmb000040,董志勇,男,1969,硕士及研究生,独立董事
szmb000040,李东昕,女,1964,本科,独立董事
szmb000040,王立勇,男,1976,博士研究生,独立董事
szmb000040,陈爱珍,女,1957,硕士及研究生,独立董事
szmb000040,唐晖,男,1962,本科,职工董事
szmb000040,苏国珍,男,1967,硕士及研究生,监事长
szmb000040,郝莉萍,女,1972,本科,监事
szmb000040,姜力,女,1969,本科,职工监事
szmb000040,侯继伟,男,,,"副总经理,财务总监"
szmb000038,郝亮,男,1971,硕士及研究生,"总经理,董事长"
szmb000038,王大永,男,1975,本科,"副总经理,董事"
szmb000038,李雪燕,女,1974,硕士及研究生,"副董事长,董秘"
szmb000038,于秀庆,男,1977,本科,董事
szmb000038,曹建发,男,1975,,董事
szmb000038,夏东明,男,1966,本科,董事
szmb000038,赵息,女,1955,硕士及研究生,独立董事
szmb000039,王宏,男,1962,博士研究生,董事长
szmb000039,王宇航,男,1961,本科,副董事长
szmb000039,麦伯良,男,1959,本科,"董事,总裁,首席执行官"
szmb000039,胡贤甫,男,1969,硕士及研究生,董事
szmb000039,刘冲,男,1970,本科,董事
szmb000039,潘承伟,男,1946,大专及其他,独立董事
szmb000039,王桂埙,男,1951,本科,独立董事
szmb000039,潘正启,男,1953,硕士及研究生,独立董事
szmb000100,闫晓林,男,1966,博士研究生,"首席技术官,高级副总裁"
szmb000078,宋廷久,男,1956,本科,副总裁
szmb000099,郭海兰,女,1973,硕士及研究生,独立董事
szmb000099,宋军,男,1968,硕士及研究生,监事会主席
szmb000099,高燕,女,1972,本科,监事
szmb000099,宁志和,男,1959,大专及其他,职工监事
szmb000099,余金树,男,1965,硕士及研究生,"副总经理,财务负责人"
szmb000099,刘建新,男,1967,硕士及研究生,副总经理
szmb000068,郑丹,女,1965,硕士及研究生,监事会主席
szmb000068,罗霄虎,男,1986,本科,监事
szmb000068,张逸明,男,1973,大专及其他,职工监事
szmb000068,杜郁,男,1969,本科,副总经理
szmb000068,朱明扬,男,1964,硕士及研究生,副总经理
szmb000068,赵小伟,男,1978,硕士及研究生,副总经理
szmb000068,叶伯乐,男,1967,硕士及研究生,副总经理
szmb000068,丁勤,女,1982,本科,董秘
szmb000068,荣姝娟,女,1979,硕士及研究生,财务总监
szmb000066,周庚申,男,1967,硕士及研究生,高级副总裁
szmb000066,郭镇,男,1975,硕士及研究生,董秘
szmb000066,刘文彬,男,1975,硕士及研究生,财务总监
szmb000042,彭伟东,男,1972,EMBA,总经理
szmb000037,李新威,男,1965,硕士及研究生,董事长
szmb000037,李洪生,男,1963,硕士及研究生,副董事长
szmb000037,陈玉辉,男,1965,硕士及研究生,"总经理,董事"
szmb000037,巫国文,男,1965,本科,"董事,常务副总经理"
szmb000037,强文桥,男,1969,硕士及研究生,董事
szmb000037,于春玲,女,1965,硕士及研究生,董事
szmb000037,莫建民,男,1966,本科,独立董事
szmb000037,廖南钢,男,1970,本科,独立董事
szmb000037,陈泽桐,男,1970,博士研究生,独立董事
szmb000036,董炳根,男,1949,本科,董事长
szmb000036,胡永峰,男,1962,本科,副董事长
szmb000036,丁跃,男,1958,本科,副董事长
szmb000036,李云,女,1965,硕士及研究生,"总经理,董事"
szmb000036,范炼,女,1948,大专及其他,董事
szmb000036,张梅,女,1976,硕士及研究生,董事
szmb000036,倪苏俏,女,1982,本科,董事
szmb000036,朱力,女,1955,硕士及研究生,独立董事
szmb000034,郭为,男,1964,硕士及研究生,"总裁,董事长"
szmb000034,辛昕,女,1977,本科,"董事,财务总监"
szmb000034,王晓岩,男,1961,硕士及研究生,董事
szmb000034,许军利,男,1961,硕士及研究生,董事
szmb000034,张连起,男,1963,博士研究生,独立董事
szmb000034,朱锦梅,女,1970,硕士及研究生,独立董事
szmb000034,张宏江,男,1961,博士研究生,独立董事
szmb000035,严圣军,男,1968,博士研究生,董事长
szmb000035,曹德标,男,1966,硕士及研究生,"总裁,董事"
szmb000035,茅洪菊,女,1968,大专及其他,"副总裁,董事"
szmb000035,费晓枫,男,1977,硕士及研究生,董事
szmb000035,洪剑峭,男,1966,博士研究生,独立董事
szmb000035,俞汉青,男,1966,博士研究生,独立董事
szmb000035,赵亚娟,女,1977,博士研究生,独立董事
szmb000070,刘阳,男,1962,硕士及研究生,副总经理
szmb000070,刘涛,男,1967,本科,副总经理
szmb000070,罗涛,男,1961,博士研究生,副总经理
szmb000070,黄红,女,1966,本科,副总经理
szmb000070,李彬学,男,1958,博士研究生,副总经理
szmb000070,张大军,男,1966,硕士及研究生,董秘
szmb000031,周政,男,1963,硕士及研究生,董事长
szmb000032,陈旭,男,1962,硕士及研究生,名誉董事长
szmb000032,周剑,男,1972,硕士及研究生,董事长
szmb000032,韦海东,男,1968,本科,副董事长
szmb000032,曲惠民,男,1963,本科,副董事长
szmb000040,蒋永国,男,,,副总经理
szmb000038,张世兴,男,1961,,独立董事
szmb000038,皇甫晓涛,男,1959,博士研究生,独立董事
szmb000038,缪鹏,男,1972,本科,监事长
szmb000038,董国平,男,1979,硕士及研究生,监事
szmb000039,张铭文,男,1978,硕士及研究生,监事长
szmb000039,王洪源,男,1975,硕士及研究生,监事
szmb000039,熊波,男,1959,大专及其他,职工监事
szmb000039,高翔,男,1965,本科,常务副总裁
szmb000039,于玉群,男,1965,硕士及研究生,"副总裁,董秘"
szmb000039,李贵平,男,1965,硕士及研究生,副总裁
szmb000039,黄田化,男,1963,本科,副总裁
szmb000099,闫增军,男,1971,本科,副总经理
szmb000099,许卫杰,男,1963,本科,副总经理
szmb000099,徐树田,男,1971,硕士及研究生,董秘
szmb000042,王玉林,男,1971,博士研究生,副总裁
szmb000042,吴艳萍,女,1975,EMBA,副总经理
szmb000042,叶晓东,男,1973,硕士及研究生,"副总经理,财务总监"
szmb000042,林长青,男,1969,硕士及研究生,副总经理
szmb000042,许斌,男,1968,硕士及研究生,副总经理
szmb000042,尹善峰,男,1966,硕士及研究生,副总经理
szmb000037,叶启良,男,1963,大专及其他,监事会主席
szmb000037,熊庆胜,男,1973,硕士及研究生,监事
szmb000037,潘沙,女,1972,本科,监事
szmb000037,彭勃,男,1973,硕士及研究生,职工监事
szmb000037,梁建强,男,1968,本科,职工监事
szmb000037,张杰,女,1968,硕士及研究生,"副总经理,董秘"
szmb000036,刘战红,女,1964,硕士及研究生,独立董事
szmb000036,刘秀焰,女,1971,硕士及研究生,独立董事
szmb000036,张淼洪,男,1950,大专及其他,独立董事
szmb000036,黄小萍,女,1957,大专及其他,监事会召集人
szmb000036,魏丹,女,1963,本科,监事
szmb000036,陈小佳,女,1966,本科,职工监事
szmb000036,黄欣,男,1964,大专及其他,副总经理
szmb000034,张志强,男,1965,博士研究生,独立董事
szmb000034,张梅,女,1971,本科,监事会主席
szmb000034,孙丹梅,女,1979,硕士及研究生,监事
szmb000034,刘烨,女,1987,硕士及研究生,职工监事
szmb000034,韩智敏,男,1976,硕士及研究生,副总裁
szmb000034,周立达,男,1969,大专及其他,副总裁
szmb000035,刘兰英,女,1973,本科,监事会主席
szmb000031,曹荣根,男,1963,本科,"总经理,董事"
szmb000031,李晋扬,男,1969,硕士及研究生,"董事,常务副总经理"
szmb000031,蒋超,男,1958,EMBA,董事
szmb000031,曾宪锋,男,1967,硕士及研究生,董事
szmb000032,徐效臣,男,1962,硕士及研究生,"总经理,董事"
szmb000032,吴海,男,1966,硕士及研究生,董事
szmb000032,方泽南,男,1965,博士研究生,董事
szmb000032,江小军,男,1971,硕士及研究生,独立董事
szmb000032,宋晓风,男,1965,,独立董事
szmb000032,汪军民,男,1964,博士研究生,独立董事
szmb000032,贺少琨,男,1980,本科,监事会主席
szmb000032,邹志荣,男,1976,硕士及研究生,监事会副主席
szmb000030,张丕杰,男,1961,硕士及研究生,董事长
szmb000030,张志新,男,1968,硕士及研究生,副董事长
szmb000030,吴云星,男,1958,硕士及研究生,董事
szmb000030,周晓峰,男,1970,大专及其他,董事
szmb000030,王振勃,男,1963,本科,董事
szmb000030,朱文山,男,1958,硕士及研究生,独立董事
szmb000038,牛超,男,1982,硕士及研究生,职工监事
szmb000038,黄卫华,男,1975,硕士及研究生,执行总经理
szmb000038,陶源,男,1978,本科,副总经理
szmb000038,李建立,男,1982,硕士及研究生,财务总监
szmb000029,周建国,男,1955,硕士及研究生,董事长
szmb000039,吴发沛,男,1958,硕士及研究生,副总裁
szmb000039,李胤辉,男,1967,博士研究生,副总裁
szmb000039,赵庆生,男,,本科,副总裁
szmb000039,曾邗,男,1975,硕士及研究生,财务经理
szmb000042,王艺瑾,女,1967,博士研究生,董秘
szmb000037,林青,女,1964,硕士及研究生,副总经理
szmb000037,戴锡机,男,1969,本科,财务总监
szmb000036,陈善民,男,1964,本科,副总经理
szmb000036,苏秦,男,1964,本科,"副总经理,财务负责人"
szmb000034,张赐安,男,1974,硕士及研究生,副总裁
szmb000034,叶海强,男,1974,本科,副总裁
szmb000034,吕敬,男,1975,EMBA,副总裁
szmb000034,王继业,女,1967,硕士及研究生,董秘
szmb000034,汤凯,男,1976,本科,技术总监
szmb000034,韩玉华,女,1968,本科,运营总监
szmb000025,吕航,男,1961,硕士及研究生,董事长
szmb000025,丁辉,男,1973,硕士及研究生,"总经理,董事"
szmb000025,娄红,女,1968,本科,"董事,财务总监"
szmb000025,张权勋,男,1973,硕士及研究生,董事
szmb000027,熊佩锦,男,1965,硕士及研究生,董事长
szmb000027,谷碧泉,男,1957,大专及其他,副董事长
szmb000027,黄历新,男,1966,EMBA,副董事长
szmb000027,王平洋,男,1969,本科,"总裁,董事"
szmb000027,俞浩,女,1973,硕士及研究生,"董事,财务总监"
szmb000023,杨国富,男,1960,,董事长
szmb000023,展海波,男,1967,本科,"总经理,董事"
szmb000023,李新建,男,1972,本科,董事
szmb000023,姜洪文,男,1969,本科,董事
szmb000028,刘勇,男,1969,博士研究生,董事长
szmb000028,林兆雄,男,1967,EMBA,"总经理,董事"
szmb000028,李智明,男,1962,大专及其他,董事
szmb000028,姜修昌,男,1964,本科,董事
szmb000028,连万勇,男,1970,硕士及研究生,董事
szmb000028,李东久,男,1965,硕士及研究生,董事
szmb000028,欧永良,男,1969,硕士及研究生,独立董事
szmb000028,陈宏辉,男,1971,博士研究生,独立董事
szmb000026,黄勇峰,男,1974,EMBA,董事长
szmb000026,陈立彬,男,1964,EMBA,"总经理,董事"
szmb000026,肖章林,男,1976,硕士及研究生,董事
szmb000026,王波,男,1979,硕士及研究生,董事
szmb000026,付德斌,男,1977,博士研究生,董事
szmb000026,汪名川,男,1966,EMBA,董事
szmb000031,孟焰,男,1955,博士研究生,独立董事
szmb000031,王涌,男,1968,博士研究生,独立董事
szmb000031,顾云昌,男,1944,本科,独立董事
szmb000031,余福平,男,1960,硕士及研究生,监事会主席
szmb000031,侯文荣,女,1966,EMBA,监事会副主席
szmb000031,李柳宾,男,1967,本科,职工监事
szmb000035,丁坤民,男,1968,本科,监事
szmb000035,陆昌伯,男,1967,本科,职工监事
szmb000035,陈国裕,男,1960,EMBA,副总裁
szmb000035,郭峰伟,男,1981,硕士及研究生,副总裁
szmb000035,景兴东,男,1965,大专及其他,副总裁
szmb000035,陆平,男,1971,本科,副总裁
szmb000035,陈竹,男,1970,本科,副总裁
szmb000035,高清,男,1965,硕士及研究生,副总裁
szmb000022,白景涛,男,1965,博士研究生,董事长
szmb000022,周擎红,男,1963,硕士及研究生,副董事长
szmb000022,刘彬,男,1969,硕士及研究生,"总经理,董事"
szmb000022,张建国,男,1964,本科,董事
szmb000022,李玉彬,男,1972,博士研究生,董事
szmb000032,王平,女,1974,本科,监事
szmb000032,姚远,男,1981,硕士及研究生,职工监事
szmb000032,冯驰,女,1969,本科,职工监事
szmb000032,李伟民,男,1966,EMBA,副总经理
szmb000032,钟彦,女,1983,本科,董秘
szmb000032,赵泉勇,男,1977,硕士及研究生,财务总监
szmb000030,李晓,男,1963,博士研究生,独立董事
szmb000030,吴博达,男,1950,,独立董事
szmb000030,于洪军,男,1958,本科,监事会主席
szmb000030,赵立勋,男,1978,本科,监事
szmb000030,宋子会,男,1971,,职工监事
szmb000030,甘先国,男,1964,硕士及研究生,总经理
szmb000030,祖学忠,男,1961,硕士及研究生,副总经理
szmb000029,陈茂政,男,1964,硕士及研究生,"总经理,董事"
szmb000029,张磊,男,1968,硕士及研究生,"董事,财务总监"
szmb000029,邓康诚,男,1966,本科,董事
szmb000029,姜丽花,女,1964,本科,董事
szmb000029,文利,女,1969,硕士及研究生,董事
szmb000029,康晓岳,男,1964,本科,独立董事
szmb000029,宋博通,男,1968,博士研究生,独立董事
szmb000036,孔庆富,男,1967,大专及其他,"副总经理,董秘"
szmb000034,李岩,女,1974,硕士及研究生,人力资源总监
szmb000025,陈耿森,男,1972,本科,董事
szmb000025,俞磊,女,1968,硕士及研究生,董事
szmb000027,孟晶,女,1965,硕士及研究生,董事
szmb000027,李明,男,1969,硕士及研究生,董事
szmb000027,李平,男,1959,硕士及研究生,独立董事
szmb000027,房向东,男,1949,硕士及研究生,独立董事
szmb000027,刘东东,男,1974,本科,独立董事
szmb000027,龙庆祥,男,1961,硕士及研究生,监事会主席
szmb000027,李英辉,男,1970,硕士及研究生,监事
szmb000027,王文杰,男,1970,本科,监事
szmb000023,刘长有,男,1966,本科,"职工董事,副总经理"
szmb000023,程汉涛,男,1968,本科,独立董事
szmb000023,沈险峰,男,1969,本科,独立董事
szmb000023,梁融,男,1981,本科,独立董事
szmb000023,黄孝仲,男,1956,硕士及研究生,监事会主席
szmb000023,张淑芳,女,1958,大专及其他,监事
szmb000028,陈胜群,男,1962,博士研究生,独立董事
szmb000028,吴壹建,男,1970,硕士及研究生,监事会主席
szmb000028,刘静云,女,1976,硕士及研究生,监事
szmb000028,郎葆瑃,男,1964,本科,职工监事
szmb000028,林心养,男,1964,本科,副总经理
szmb000028,陈常兵,男,1967,硕士及研究生,"副总经理,董秘"
szmb000028,林敏,男,1964,硕士及研究生,副总经理
szmb000028,赵小川,男,1963,本科,副总经理
szmb000026,张宏光,男,1956,本科,独立董事
szmb000026,王岩,男,1957,硕士及研究生,独立董事
szmb000026,章顺文,男,1966,硕士及研究生,独立董事
szmb000026,王宝瑛,男,1964,EMBA,监事会主席
szmb000026,盛情,女,1976,硕士及研究生,职工监事
szmb000021,谭文鋕,男,1948,,董事长
szmb000021,贾海英,女,1968,本科,副董事长
szmb000021,郑国荣,男,1958,硕士及研究生,"总裁,董事"
szmb000021,陈朱江,男,1967,硕士及研究生,"副总裁,董事"
szmb000021,张峰,男,1968,硕士及研究生,董事
szmb000020,李中秋,男,1962,硕士及研究生,"总经理,董事长"
szmb000020,张光柳,男,1962,硕士及研究生,副董事长
szmb000020,杨斌,男,1972,硕士及研究生,"财务总监,董事,董秘"
szmb000020,张兆国,男,1955,博士研究生,独立董事
szmb000020,李定安,男,1945,硕士及研究生,独立董事
szmb000020,徐锦文,男,1965,博士研究生,独立董事
szmb000020,黄雁波,女,1962,本科,监事会主席
szmb000020,陈琴,女,1986,本科,监事
szmb000031,张雪松,男,1964,硕士及研究生,副总经理
szmb000031,宋冰心,女,1970,本科,"副总经理,董秘"
szmb000031,朱海彬,男,1963,硕士及研究生,副总经理
szmb000031,叶雄,男,1968,硕士及研究生,副总经理
szmb000031,冯安静,男,1966,本科,副总经理
szmb000031,张建国,男,1966,硕士及研究生,财务总监
szmb000035,程健,男,1978,本科,"副总裁,董秘"
szmb000035,张建民,男,1968,硕士及研究生,财务总监
szmb000022,吕胜洲,男,1964,硕士及研究生,董事
szmb000022,袁宇辉,男,1950,硕士及研究生,独立董事
szmb000022,李常青,男,1968,博士研究生,独立董事
szmb000022,苏启云,男,1964,博士研究生,独立董事
szmb000032,何兵,男,1969,博士研究生,总工程师
szmb000030,王晓平,男,1963,硕士及研究生,"副总经理,董秘"
szmb000030,孙海,男,1967,本科,副总经理
szmb000030,张立德,男,1964,硕士及研究生,副总经理
szmb000030,杜辛跃,男,1960,硕士及研究生,副总经理
szmb000029,章顺文,男,1966,硕士及研究生,独立董事
szmb000029,庄泉,男,,,监事会主席
szmb000029,任伟,男,1980,本科,监事
szmb000029,李雨霏,女,,,监事
szmb000029,冯宏伟,男,1971,本科,职工监事
szmb000029,林军,女,,本科,职工监事
szmb000025,韦少辉,男,1972,硕士及研究生,独立董事
szmb000025,李祥军,男,1962,EMBA,独立董事
szmb000027,王琮,男,1966,硕士及研究生,监事
szmb000027,麦宝洪,男,1968,本科,职工监事
szmb000027,马凤鸣,女,1962,硕士及研究生,职工监事
szmb000027,冯亚光,男,1974,本科,职工监事
szmb000027,王亚军,男,1970,本科,职工监事
szmb000027,秦士孝,男,1963,硕士及研究生,副总裁
szmb000027,孙启云,男,1954,本科,副总裁
szmb000027,张小东,男,1964,硕士及研究生,副总裁
szmb000027,郭志东,男,1966,博士研究生,副总裁
szmb000023,范保光,男,1968,本科,监事
szmb000023,吴海生,男,1976,大专及其他,职工监事
szmb000023,王莉,女,1968,本科,职工监事
szmb000023,石柱铭,男,1972,本科,副总经理
szmb000023,侯剑,女,1970,硕士及研究生,"副总经理,董秘"
szmb000023,张慧,男,1983,本科,财务总监
szmb000028,魏平孝,男,1963,硕士及研究生,财务总监
szmb000016,刘凤喜,男,1972,硕士及研究生,董事局主席
szmb000016,何海滨,男,1974,硕士及研究生,董事
szmb000016,靳庆军,男,1957,硕士及研究生,董事
szmb000016,张靖,男,1982,硕士及研究生,董事
szmb000016,张述华,男,1965,本科,独立董事
szmb000016,孙盛典,男,1955,博士研究生,独立董事
szmb000016,肖祖核,男,1966,EMBA,独立董事
szmb000016,郝刚,男,1973,本科,监事会主席
szmb000018,陈略,男,1970,EMBA,董事长
szmb000018,梁荣,男,1969,EMBA,"副总经理,副董事长"
szmb000018,李尔龙,男,1975,硕士及研究生,"副总经理,副董事长"
szmb000018,田威,男,1958,本科,"总经理,董事"
szmb000018,胡永峰,男,1962,EMBA,董事
szmb000018,王镭,男,1963,EMBA,董事
szmb000018,张宇锋,男,1963,EMBA,独立董事
szmb000019,郑煜曦,男,1962,硕士及研究生,董事长
szmb000019,颜泽松,男,1970,本科,"总经理,董事"
szmb000019,李亦研,女,1966,硕士及研究生,"董秘,副总经理,董事"
szmb000019,王立,男,1961,,董事
szmb000019,张国栋,男,1962,硕士及研究生,董事
szmb000019,倪玥,女,1974,,董事
szmb000019,陈灿松,男,1972,本科,独立董事
szmb000019,吴叔平,男,1953,硕士及研究生,独立董事
szmb000017,李海,男,1969,本科,"总裁,董事长"
szmb000017,孙龙龙,男,1973,本科,"财务总监,董事,董秘"
szmb000017,杨奋勃,男,1957,硕士及研究生,董事
szmb000017,钟华,男,1964,本科,董事
szmb000017,曹方,男,1974,硕士及研究生,董事
szmb000026,王璟琦,男,1980,硕士及研究生,职工监事
szmb000026,李明,男,1973,EMBA,副总经理
szmb000026,刘晓明,男,1971,EMBA,副总经理
szmb000026,卢炳强,男,1961,本科,副总经理
szmb000026,潘波,男,1976,EMBA,副总经理
szmb000026,陆万军,男,1967,EMBA,"副总经理,董秘"
szmb000026,陈卓,男,1976,EMBA,总会计师
szmb000021,刘燕武,男,1976,本科,董事
szmb000021,邱大梁,男,1966,硕士及研究生,独立董事
szmb000021,庞大同,男,1945,本科,独立董事
szmb000021,谢韩珠,女,1975,硕士及研究生,独立董事
szmb000021,李兆明,男,1968,本科,监事会主席
szmb000021,高慕群,女,1973,本科,监事
szmb000021,才淦,女,1972,硕士及研究生,职工监事
szmb000021,于化荣,男,1965,本科,副总裁
szmb000021,蔡立雄,男,1963,硕士及研究生,副总裁
szmb000021,莫尚云,男,1966,硕士及研究生,"副总裁,财务总监"
szmb000020,耿曲,女,1969,本科,职工监事
szmb000020,唐敢于,女,1977,大专及其他,副总经理
szmb000014,陈勇,男,1970,硕士及研究生,董事长
szmb000014,温毅,男,1962,硕士及研究生,"总经理,董事"
szmb000014,刘标,男,1973,博士研究生,董事
szmb000014,张选昭,男,1966,硕士及研究生,董事
szmb000012,陈琳,女,1972,硕士及研究生,董事长
szmb000012,王健,男,1964,,副董事长
szmb000012,潘永红,男,1969,硕士及研究生,"首席执行官(CEO),董事"
szmb000012,叶伟青,女,1972,硕士及研究生,董事
szmb000012,程细宝,女,1982,本科,董事
szmb000012,张金顺,男,1965,博士研究生,董事
szmb000012,朱桂龙,男,1964,博士研究生,独立董事
szmb000012,詹伟哉,男,1964,博士研究生,独立董事
szmb000022,赵建莉,女,1963,硕士及研究生,监事会主席
szmb000022,温翎,女,1965,硕士及研究生,监事
szmb000022,孙力干,男,1967,博士研究生,监事
szmb000022,倪克勤,女,1965,,职工监事
szmb000022,郑林伟,男,1970,硕士及研究生,职工监事
szmb000022,林聪,男,1959,本科,副总经理
szmb000022,王永立,男,1967,本科,"副总经理,董秘"
szmb000030,赵玉林,男,1964,硕士及研究生,财务总监
szmb000029,滕显友,男,1957,,副总经理
szmb000029,魏捍平,女,1966,硕士及研究生,副总经理
szmb000029,唐小平,男,1970,硕士及研究生,"副总经理,董秘"
szmb000025,纪辉彬,男,1970,硕士及研究生,独立董事
szmb000025,陈华,女,1964,本科,监事会主席
szmb000027,李英峰,男,1969,本科,副总裁
szmb000027,邵崇,男,1959,博士研究生,董秘
szmb000016,王友来,男,1961,博士研究生,监事
szmb000016,李君,男,1971,本科,职工监事
szmb000018,唐建新,男,1965,博士研究生,独立董事
szmb000018,江崇光,男,1975,博士研究生,独立董事
szmb000018,董炳根,男,1949,本科,监事会主席
szmb000018,黄胜得,男,1972,硕士及研究生,监事
szmb000018,吴晓明,男,1980,本科,职工监事
szmb000018,汪哨骏,男,1956,本科,常务副总经理
szmb000018,彭立志,男,1968,硕士及研究生,副总经理
szmb000018,唐先勇,男,1973,博士研究生,"副总经理,财务总监"
szmb000018,崔红丽,女,1972,本科,副总经理
szmb000019,范值清,男,1949,硕士及研究生,独立董事
szmb000019,林红,女,1965,硕士及研究生,监事会主席
szmb000019,王慧敏,女,1967,硕士及研究生,监事
szmb000019,罗龙新,男,1961,本科,职工监事
szmb000019,姚晓鹏,男,1968,本科,副总经理
szmb000019,李芳,女,1974,硕士及研究生,副总经理
szmb000019,钱晓军,男,1972,本科,副总经理
szmb000017,姚正旺,男,1975,本科,董事
szmb000017,杨岚,女,1969,硕士及研究生,独立董事
szmb000017,宋西顺,男,1963,硕士及研究生,独立董事
szmb000017,张志高,男,1965,本科,独立董事
szmb000017,李翔,男,1974,大专及其他,监事会召集人
szmb000017,郑钟焕,男,1962,本科,监事
szmb000017,李加林,男,1961,本科,职工监事
szmb000021,石界福,男,1970,本科,副总裁
szmb000011,陈玉刚,男,1957,硕士及研究生,董事长
szmb000011,魏志,男,1957,本科,"总经理,董事"
szmb000011,刘光新,男,1958,大专及其他,董事
szmb000011,文利,女,1969,硕士及研究生,董事
szmb000011,郭立威,男,1973,硕士及研究生,董事
szmb000011,张琦,男,1978,博士研究生,独立董事
szmb000010,李中,男,1964,本科,董事长
szmb000010,李德友,男,1976,本科,"总经理,董事"
szmb000010,王锐,男,1957,EMBA,"董事,常务副总经理"
szmb000010,丁熊秀,女,1965,本科,"副总经理,董事"
szmb000010,肖祖栋,男,1969,本科,"副总经理,董事"
szmb000010,单军,男,1963,本科,"董事,董秘"
szmb000010,虞群娥,女,1964,博士研究生,独立董事
szmb000010,汪洋,男,1969,硕士及研究生,独立董事
szmb000014,刘世超,男,1971,本科,董事
szmb000014,董方,男,1973,硕士及研究生,董事
szmb000014,王苏生,男,1969,博士研究生,独立董事
szmb000014,陈治民,男,1963,硕士及研究生,独立董事
szmb000014,熊楚熊,男,1955,博士研究生,独立董事
szmb000014,李永德,男,1959,硕士及研究生,监事会主席
szmb000014,张仲文,男,1970,硕士及研究生,监事
szmb000014,陈瑜,女,1972,大专及其他,职工监事
szmb000014,赵忠,男,1972,硕士及研究生,副总经理
szmb000012,靳庆军,男,1957,硕士及研究生,独立董事
szmb000012,张宛东,女,1969,本科,监事会主席
szmb000012,李新军,男,1968,硕士及研究生,监事
szmb000012,赵鹏,男,1962,博士研究生,职工监事
szmb000012,卢文辉,男,1963,本科,常务副总裁
szmb000012,李翠旭,男,1975,硕士及研究生,副总裁
szmb000012,何进,男,1972,硕士及研究生,副总裁
szmb000012,李卫南,男,1962,硕士及研究生,副总裁
szmb000012,杨昕宇,男,1980,博士研究生,董秘
szmb000022,赵朝雄,男,1965,硕士及研究生,副总经理
szmb000022,姚胜兰,女,1966,硕士及研究生,财务总监
szmb000025,富春龙,男,1973,硕士及研究生,监事
szmb000025,陈阳升,男,1963,硕士及研究生,监事
szmb000025,王蓓,女,1981,本科,职工监事
szmb000025,李玉东,女,1966,本科,职工监事
szmb000025,李名,男,1962,大专及其他,副总经理
szmb000025,冯宇,男,1967,本科,副总经理
szmb000016,周彬,男,1979,本科,总裁
szmb000016,何建军,男,1969,本科,副总裁
szmb000016,孙清岩,男,1972,博士研究生,副总裁
szmb000016,曹士平,男,1978,硕士及研究生,副总裁
szmb000016,杨波,男,1970,硕士及研究生,副总裁
szmb000016,李宏韬,男,1968,本科,副总裁
szmb000016,吴勇军,男,1975,硕士及研究生,董秘
szmb000016,李春雷,男,1973,硕士及研究生,财务总监
szmb000018,杨春玲,女,1971,硕士及研究生,董秘
szmb000019,王志萍,女,1971,本科,财务总监
szmb000006,赵宏伟,男,1968,本科,董事长
szmb000007,袁坚,男,1983,硕士及研究生,董事长
szmb000007,赵鹏,男,1979,本科,"副董事长,财务总监"
szmb000007,智德宇,女,1974,本科,"总经理,董事"
szmb000007,韩学渊,男,1974,硕士及研究生,董事
szmb000007,黄立海,男,1972,硕士及研究生,董事
szmb000007,吴日松,男,1970,,董事
szmb000007,胡开梁,男,1978,硕士及研究生,独立董事
szmb000007,徐栋,男,1983,硕士及研究生,独立董事
szmb000004,李林琳,女,1984,硕士及研究生,"总经理,董事长"
szmb000004,黄翔,男,1966,硕士及研究生,"董事,常务副总经理"
szmb000004,徐文苏,男,1977,大专及其他,"财务总监,董事,董秘"
szmb000004,徐愈富,男,1978,本科,董事
szmb000004,刘多宏,男,1967,大专及其他,董事
szmb000004,吴涤非,男,1969,本科,董事
szmb000004,孙俊英,女,1961,硕士及研究生,独立董事
szmb000004,苏晓鹏,男,1977,本科,独立董事
szmb000008,王志全,男,1963,硕士及研究生,董事长
szmb000008,钟岩,男,1975,本科,"总经理,董事"
szmb000008,白斌,男,1985,硕士及研究生,董事
szmb000008,许汉明,男,1977,硕士及研究生,董事
szmb000008,易廷斌,男,1957,本科,独立董事
szmb000008,程小可,男,1975,博士研究生,独立董事
szmb000008,张卫华,男,1961,博士研究生,独立董事
szmb000008,李义明,男,1977,硕士及研究生,监事会主席
szmb000009,陈政立,男,1960,硕士及研究生,"总裁,董事局主席"
szmb000009,陈泰泉,男,1963,硕士及研究生,"执行总裁,董事局副主席"
szmb000009,陈平,男,1962,博士研究生,"执行董事,副总裁"
szmb000009,陈匡国,男,1984,本科,执行董事
szmb000009,曾广胜,男,1966,博士研究生,执行董事
szmb000009,梁发贤,男,1961,本科,独立董事
szmb000005,丁芃,女,1951,本科,董事局主席
szmb000005,江津,女,1963,硕士及研究生,董事局副主席
szmb000005,郑列列,男,1954,博士研究生,"总裁,董事"
szmb000005,丹尼尔·保泽方,男,1975,本科,"总裁助理,董事"
szmb000005,雍正峰,男,1970,本科,"董事,财务总监"
szmb000005,王行利,男,1969,本科,董事
szmb000005,吕卫东,女,1967,本科,"职工监事,董事"
szmb000021,李丽杰,女,1969,本科,董秘
szmb000011,李建新,男,1954,本科,独立董事
szmb000011,袁鸿昌,男,1971,EMBA,独立董事
szmb000011,戴先华,男,1962,博士研究生,监事会主席
szmb000011,王秀颜,女,1962,硕士及研究生,监事
szmb000011,张满华,男,1975,硕士及研究生,监事
szmb000011,张戈坚,男,1975,硕士及研究生,职工监事
szmb000011,王秋平,女,1970,本科,职工监事
szmb000010,钟卫,男,1978,本科,独立董事
szmb000010,刘伟英,女,1977,硕士及研究生,独立董事
szmb000010,徐文慰,男,1960,硕士及研究生,监事会主席
szmb000010,卢旭军,男,1964,本科,监事
szmb000010,翟禹,男,1964,本科,职工监事
szmb000010,高仁金,男,1973,,副总经理
szmb000010,郭为星,男,1972,,副总经理
szmb000014,徐美平,男,1963,硕士及研究生,副总经理
szmb000014,赖育明,男,1966,硕士及研究生,副总经理
szmb000014,熊跃华,男,1962,本科,副总经理
szmb000014,王凡,男,1972,硕士及研究生,董秘
szmb000025,任永建,男,1963,本科,副总经理
szmb000025,祁鹏,男,1973,硕士及研究生,董秘
szmb000006,朱新宏,男,1960,硕士及研究生,"总裁,董事"
szmb000006,于冰,女,1967,硕士及研究生,"董事,财务总监"
szmb000006,李建春,男,1964,博士研究生,董事
szmb000006,曲咏海,男,1971,EMBA,独立董事
szmb000006,陈英革,男,1968,硕士及研究生,独立董事
szmb000007,卢剑波,男,1968,硕士及研究生,独立董事
szmb000007,孙华,男,1969,大专及其他,监事会召集人
szmb000007,马斌,男,1993,本科,监事
szmb000007,李代宏,男,1986,硕士及研究生,职工监事
szmb000007,周原,男,1985,本科,副总经理
szmb000007,陈伟彬,男,1986,本科,董秘
szmb000004,曾凡跃,男,1963,大专及其他,独立董事
szmb000004,林绮霞,女,,大专及其他,监事长
szmb000004,阮旭里,男,1991,硕士及研究生,监事
szmb000004,唐银萍,女,1986,大专及其他,职工监事
szmb000008,江鹏程,男,1978,硕士及研究生,监事
szmb000008,高辉,女,1977,硕士及研究生,职工监事
szmb000008,王纯政,男,1962,硕士及研究生,副总经理
szmb000009,杨璐,女,1974,本科,董事
szmb000009,李瑶,女,1977,本科,独立董事
szmb000009,郭朝辉,男,1971,硕士及研究生,独立董事
szmb000009,骆文明,男,1964,大专及其他,监事长
szmb000009,李新祥,男,1957,硕士及研究生,监事
szmb000009,曾丽桃,女,1962,大专及其他,职工监事
szmb000009,贺德华,男,1962,大专及其他,"高级副总裁,财务总监"
szmb000009,张渠,男,1970,硕士及研究生,副总裁
szmb000005,陈斌,男,1968,本科,董事
szmb000005,林功实,男,1937,本科,独立董事
szmb000005,武良成,男,1962,博士研究生,独立董事
szmb000005,陈运森,男,1985,博士研究生,独立董事
szmb000005,樊勇,男,1972,硕士及研究生,独立董事
szmb000005,冯绍津,女,1974,本科,独立董事
szmb000011,范维平,男,1965,硕士及研究生,"副总经理,董秘"
szmb000011,王航军,男,1966,硕士及研究生,"副总经理,财务负责人"
szmb000002,王石,男,1951,本科,董事局名誉主席
szmb000002,郁亮,男,1965,硕士及研究生,董事局主席
szmb000002,林茂德,男,1956,本科,董事局副主席
szmb000002,王文金,男,1966,硕士及研究生,"董事,执行副总裁,首席风险官"
szmb000010,李卉,男,1984,本科,财务总监
szmb000006,孔祥云,男,1954,硕士及研究生,独立董事
szmb000006,陈强,男,1965,本科,监事会主席
szmb000006,张磊,男,1968,硕士及研究生,监事
szmb000008,王利群,女,1973,硕士及研究生,副总经理
szmb000008,王志刚,男,1970,硕士及研究生,董秘
szmb000008,王守俊,男,1973,本科,财务总监
szmb000009,钟征宇,男,1963,硕士及研究生,高级副总裁
szmb000009,郭山清,男,1966,硕士及研究生,董秘
szmb000005,赵剑,女,1968,大专及其他,职工董事
szmb000005,刘丽萍,女,1963,本科,监事会召集人
szmb000005,刘敏儿,女,1972,大专及其他,监事
szmb000005,熊金芳,女,1963,本科,监事
szmb000005,罗晓春,男,1967,大专及其他,董秘
szmb000002,张旭,男,1963,硕士及研究生,"董事,执行副总裁,首席运营官"
szmb000002,孙盛典,男,1955,博士研究生,董事
szmb000002,肖民,男,1963,本科,董事
szmb000002,陈贤军,男,1972,硕士及研究生,董事
szmb000006,谢向荣,男,1974,本科,职工监事
szmb000006,杨晓东,男,1973,本科,副总裁
szmb000006,方东红,男,1967,硕士及研究生,副总裁
szmb000006,李伟,男,1973,本科,副总裁
szmb000006,杜汛,女,1975,本科,董秘
szmb000002,吴嘉宁,男,1960,硕士及研究生,独立董事
szmb000002,李强,男,1972,硕士及研究生,独立董事
szmb000002,康典,男,1948,硕士及研究生,独立董事
szmb000002,刘姝威,女,1952,硕士及研究生,独立董事
szmb000002,解冻,男,1965,博士研究生,监事会主席
szmb000002,郑英,女,1970,硕士及研究生,监事
szmb000002,周清平,男,1969,硕士及研究生,职工监事
szmb000002,祝九胜,男,1969,博士研究生,"总裁,首席执行官"
szmb000002,孙嘉,男,1978,硕士及研究生,"财务负责人,执行副总裁,首席财务官"
szmb000002,朱旭,女,1975,硕士及研究生,董秘
