	name	sex	birthday	edu	position
68	陈强1	男	1965	本科	监事会主席
94	赵鹏1	男	1979	本科	"副董事长,财务总监"
97	王志刚1	男	1970	硕士及研究生	董秘
160	王健1	男	1964		副董事长
165	赵鹏2	男	1962	博士研究生	职工监事
290	张建国1	男	1964	本科	董事
331	李明1	男	1973	EMBA	副总经理
362	李明2	男	1969	硕士及研究生	董事
420	张建国2	男	1966	硕士及研究生	财务总监
465	张梅1	女	1971	本科	监事会主席
504	张梅2	女	1976	硕士及研究生	董事
513	张杰1	女	1968	硕士及研究生	"副总经理,董秘"
644	刘冰1	男		硕士及研究生	监事会主席
789	郑毅1	男	1964	本科	"执行总经理,董事"
881	杨杰1	男	1961	本科	副总裁
930	李峰1	男	1963	本科	总工程师
968	周霞1	女	1970	本科	独立董事
970	王坚1	女	1970	大专及其他	监事会主席
971	陈强2	男	1963	硕士及研究生	副总经理
992	王鹏1	男	1972	本科	"总经理,副董事长"
1057	杨杰2	男	1974	本科	监事会主席
1076	张斌1	女	1975	本科	董秘
1077	张杰2	男	1975	硕士及研究生	"董事,常务副总经理"
1279	王志刚2	男	1968	硕士及研究生	副总经理
1298	郑毅2	男	1980	本科	董事
1321	王坚2	男	1955	EMBA	副董事长
1326	王鹏2	男	1957	博士研究生	董事长
1331	王健2	女	1987	硕士及研究生	监事
1382	周霞2	女	1964	硕士及研究生	"副总裁,财务总监"
1397	张华1	男	1978	硕士及研究生	职工监事
1450	刘冰2	男	1957	硕士及研究生	副董事长
1590	张斌2	男	1979	硕士及研究生	副总经理
1616	张华2	男	1965	硕士及研究生	独立董事
1658	李峰2	男	1973	大专及其他	执行董事
0	谢永林	男	1968	博士研究生	董事长
1	周建国	男	1955	硕士及研究生	外部监事
2	车国宝	男	1949	本科	监事
3	骆向东	男	1953	硕士及研究生	外部监事
4	郭田勇	男	1968	博士研究生	独立董事
5	杨如生	男	1968	硕士及研究生	独立董事
6	王松奇	男	1952	博士研究生	独立董事
7	韩小京	男	1955	硕士及研究生	独立董事
8	王春汉	男	1951	大专及其他	独立董事
9	郭建	男	1964	硕士及研究生	非执行董事
10	储一昀	男	1964	博士研究生	外部监事
11	叶素兰	女	1956	本科	非执行董事
12	蔡方方	女	1974	硕士及研究生	非执行董事
13	胡跃飞	男	1962	硕士及研究生	"执行董事,行长"
14	姚贵平	男	1961	本科	执行董事
15	郭世邦	男	1965	博士研究生	执行董事
16	陈心颖	女	1977	硕士及研究生	非执行董事
17	姚波	男	1971	硕士及研究生	非执行董事
18	邱伟	男	1962	博士研究生	监事长
19	周清平	男	1969	硕士及研究生	职工监事
20	李强1	男	1972	硕士及研究生	独立董事
21	吴嘉宁	男	1960	硕士及研究生	独立董事
22	陈贤军	男	1972	硕士及研究生	董事
23	孙嘉	男	1978	硕士及研究生	"财务负责人,执行副总裁,首席财务官"
24	王石	男	1951	本科	董事局名誉主席
25	郁亮	男	1965	硕士及研究生	董事局主席
26	郑英	女	1970	硕士及研究生	监事
27	林茂德	男	1956	本科	董事局副主席
28	张旭	男	1963	硕士及研究生	"董事,执行副总裁,首席运营官"
29	孙盛典	男	1955	博士研究生	董事
30	刘姝威	女	1952	硕士及研究生	独立董事
31	肖民	男	1963	本科	董事
32	解冻	男	1965	博士研究生	监事会主席
33	祝九胜	男	1969	博士研究生	"总裁,首席执行官"
34	王文金	男	1966	硕士及研究生	"董事,执行副总裁,首席风险官"
35	康典	男	1948	硕士及研究生	独立董事
36	朱旭	女	1975	硕士及研究生	董秘
37	黄翔	男	1966	硕士及研究生	"董事,常务副总经理"
38	曾凡跃	男	1963	大专及其他	独立董事
39	林绮霞	女		大专及其他	监事长
40	阮旭里	男	1991	硕士及研究生	监事
41	唐银萍	女	1986	大专及其他	职工监事
42	苏晓鹏	男	1977	本科	独立董事
43	李林琳	女	1984	硕士及研究生	"总经理,董事长"
44	吴涤非	男	1969	本科	董事
45	刘多宏	男	1967	大专及其他	董事
46	徐愈富	男	1978	本科	董事
47	徐文苏	男	1977	大专及其他	"财务总监,董事,董秘"
48	孙俊英	女	1961	硕士及研究生	独立董事
49	丁M	女	1951	本科	董事局主席
50	江津	女	1963	硕士及研究生	董事局副主席
51	郑列列	男	1954	博士研究生	"总裁,董事"
52	罗晓春	男	1967	大专及其他	董秘
53	雍正峰	男	1970	本科	"董事,财务总监"
54	王行利	男	1969	本科	董事
55	吕卫东	女	1967	本科	"职工监事,董事"
56	陈运森	男	1985	博士研究生	独立董事
57	丹尼尔・保泽方	男	1975	本科	"总裁助理,董事"
58	樊勇	男	1972	硕士及研究生	独立董事
59	刘丽萍	女	1963	本科	监事会召集人
60	武良成	男	1962	博士研究生	独立董事
61	林功实	男	1937	本科	独立董事
62	陈斌	男	1968	本科	董事
63	冯绍津	女	1974	本科	独立董事
64	熊金芳	女	1963	本科	监事
65	刘敏儿	女	1972	大专及其他	监事
66	赵剑	女	1968	大专及其他	职工董事
67	孔祥云	男	1954	硕士及研究生	独立董事
69	张磊	男	1968	硕士及研究生	监事
70	谢向荣	男	1974	本科	职工监事
71	陈英革	男	1968	硕士及研究生	独立董事
72	曲咏海	男	1971	EMBA	独立董事
73	李建春	男	1964	博士研究生	董事
74	李伟	男	1973	本科	副总裁
75	方东红	男	1967	硕士及研究生	副总裁
76	杨晓东	男	1973	本科	副总裁
77	于冰	女	1967	硕士及研究生	"董事,财务总监"
78	朱新宏	男	1960	硕士及研究生	"总裁,董事"
79	杜汛	女	1975	本科	董秘
80	赵宏伟	男	1968	本科	董事长
81	胡开梁	男	1978	硕士及研究生	独立董事
82	徐栋	男	1983	硕士及研究生	独立董事
83	卢剑波	男	1968	硕士及研究生	独立董事
84	孙华	男	1969	大专及其他	监事会召集人
85	袁坚	男	1983	硕士及研究生	董事长
86	李代宏	男	1986	硕士及研究生	职工监事
87	马斌	男	1993	本科	监事
88	陈伟彬	男	1986	本科	董秘
89	智德宇	女	1974	本科	"总经理,董事"
90	韩学渊	男	1974	硕士及研究生	董事
91	黄立海	男	1972	硕士及研究生	董事
92	吴日松	男	1970		董事
93	周原	男	1985	本科	副总经理
95	王纯政	男	1962	硕士及研究生	副总经理
96	王守俊	男	1973	本科	财务总监
98	王利群	女	1973	硕士及研究生	副总经理
99	高辉	女	1977	硕士及研究生	职工监事
100	江鹏程	男	1978	硕士及研究生	监事
101	程小可	男	1975	博士研究生	独立董事
102	王志全	男	1963	硕士及研究生	董事长
103	钟岩	男	1975	本科	"总经理,董事"
104	白斌	男	1985	硕士及研究生	董事
105	许汉明	男	1977	硕士及研究生	董事
106	易廷斌	男	1957	本科	独立董事
107	张卫华	男	1961	博士研究生	独立董事
108	李义明	男	1977	硕士及研究生	监事会主席
109	李瑶	女	1977	本科	独立董事
110	杨璐	女	1974	本科	董事
111	梁发贤	男	1961	本科	独立董事
112	陈泰泉	男	1963	硕士及研究生	"执行总裁,董事局副主席"
113	陈政立	男	1960	硕士及研究生	"总裁,董事局主席"
114	钟征宇	男	1963	硕士及研究生	高级副总裁
115	郭山清	男	1966	硕士及研究生	董秘
116	陈平	男	1962	博士研究生	"执行董事,副总裁"
117	曾广胜	男	1966	博士研究生	执行董事
118	郭朝辉	男	1971	硕士及研究生	独立董事
119	陈匡国	男	1984	本科	执行董事
120	李新祥	男	1957	硕士及研究生	监事
121	曾丽桃	女	1962	大专及其他	职工监事
122	贺德华	男	1962	大专及其他	"高级副总裁,财务总监"
123	张渠	男	1970	硕士及研究生	副总裁
124	骆文明	男	1964	大专及其他	监事长
125	汪洋	男	1969	硕士及研究生	独立董事
126	虞群娥	女	1964	博士研究生	独立董事
127	卢旭军	男	1964	本科	监事
128	高仁金	男	1973		副总经理
129	李中	男	1964	本科	董事长
130	李德友	男	1976	本科	"总经理,董事"
131	王锐	男	1957	EMBA	"董事,常务副总经理"
132	郭为星	男	1972		副总经理
133	丁熊秀	女	1965	本科	"副总经理,董事"
134	李卉	男	1984	本科	财务总监
135	单军	男	1963	本科	"董事,董秘"
136	钟卫	男	1978	本科	独立董事
137	刘伟英	女	1977	硕士及研究生	独立董事
138	徐文慰	男	1960	硕士及研究生	监事会主席
139	翟禹	男	1964	本科	职工监事
140	肖祖栋	男	1969	本科	"副总经理,董事"
141	王航军	男	1966	硕士及研究生	"副总经理,财务负责人"
142	范维平	男	1965	硕士及研究生	"副总经理,董秘"
143	张琦	男	1978	博士研究生	独立董事
144	郭立威	男	1973	硕士及研究生	董事
145	文利	女	1969	硕士及研究生	董事
146	张满华	男	1975	硕士及研究生	监事
147	刘光新	男	1958	大专及其他	董事
148	魏志	男	1957	本科	"总经理,董事"
149	张戈坚	男	1975	硕士及研究生	职工监事
150	王秀颜	女	1962	硕士及研究生	监事
151	戴先华	男	1962	博士研究生	监事会主席
152	王秋平	女	1970	本科	职工监事
153	李建新	男	1954	本科	独立董事
154	陈玉刚	男	1957	硕士及研究生	董事长
155	袁鸿昌	男	1971	EMBA	独立董事
156	詹伟哉	男	1964	博士研究生	独立董事
157	何进	男	1972	硕士及研究生	副总裁
158	李卫南	男	1962	硕士及研究生	副总裁
159	陈琳	女	1972	硕士及研究生	董事长
161	杨昕宇	男	1980	博士研究生	董秘
162	李翠旭	男	1975	硕士及研究生	副总裁
163	卢文辉	男	1963	本科	常务副总裁
164	朱桂龙	男	1964	博士研究生	独立董事
166	潘永红	男	1969	硕士及研究生	"首席执行官(CEO),董事"
167	张金顺	男	1965	博士研究生	董事
168	程细宝	女	1982	本科	董事
169	叶伟青	女	1972	硕士及研究生	董事
170	张宛东	女	1969	本科	监事会主席
171	靳庆军	男	1957	硕士及研究生	独立董事
172	李新军	男	1968	硕士及研究生	监事
173	王苏生	男	1969	博士研究生	独立董事
174	陈治民	男	1963	硕士及研究生	独立董事
175	熊楚熊	男	1955	博士研究生	独立董事
176	董方	男	1973	硕士及研究生	董事
177	陈勇	男	1970	硕士及研究生	董事长
178	刘世超	男	1971	本科	董事
179	李永德	男	1959	硕士及研究生	监事会主席
180	陈瑜	女	1972	大专及其他	职工监事
181	赵忠	男	1972	硕士及研究生	副总经理
182	张选昭	男	1966	硕士及研究生	董事
183	王凡	男	1972	硕士及研究生	董秘
184	熊跃华	男	1962	本科	副总经理
185	赖育明	男	1966	硕士及研究生	副总经理
186	徐美平	男	1963	硕士及研究生	副总经理
187	温毅	男	1962	硕士及研究生	"总经理,董事"
188	张仲文	男	1970	硕士及研究生	监事
189	刘标	男	1973	博士研究生	董事
190	李君	男	1971	本科	职工监事
191	张述华	男	1965	本科	独立董事
192	张靖	男	1982	硕士及研究生	董事
193	何海滨	男	1974	硕士及研究生	董事
194	刘凤喜	男	1972	硕士及研究生	董事局主席
195	王友来	男	1961	博士研究生	监事
196	周彬	男	1979	本科	总裁
197	孙清岩	男	1972	博士研究生	副总裁
198	曹士平	男	1978	硕士及研究生	副总裁
199	杨波	男	1970	硕士及研究生	副总裁
200	李宏韬	男	1968	本科	副总裁
201	吴勇军	男	1975	硕士及研究生	董秘
202	李春雷	男	1973	硕士及研究生	财务总监
203	何建军	男	1969	本科	副总裁
204	郝刚	男	1973	本科	监事会主席
205	肖祖核	男	1966	EMBA	独立董事
206	宋西顺	男	1963	硕士及研究生	独立董事
207	孙龙龙	男	1973	本科	"财务总监,董事,董秘"
208	李海	男	1969	本科	"总裁,董事长"
209	李加林	男	1961	本科	职工监事
210	郑钟焕	男	1962	本科	监事
211	李翔	男	1974	大专及其他	监事会召集人
212	张志高	男	1965	本科	独立董事
213	杨奋勃	男	1957	硕士及研究生	董事
214	杨岚	女	1969	硕士及研究生	独立董事
215	姚正旺	男	1975	本科	董事
216	曹方	男	1974	硕士及研究生	董事
217	钟华	男	1964	本科	董事
218	董炳根	男	1949	本科	监事会主席
219	黄胜得	男	1972	硕士及研究生	监事
220	彭立志	男	1968	硕士及研究生	副总经理
221	吴晓明	男	1980	本科	职工监事
222	崔红丽	女	1972	本科	副总经理
223	江崇光	男	1975	博士研究生	独立董事
224	唐建新	男	1965	博士研究生	独立董事
225	胡永峰	男	1962	EMBA	董事
226	梁荣	男	1969	EMBA	"副总经理,副董事长"
227	李尔龙	男	1975	硕士及研究生	"副总经理,副董事长"
228	田威	男	1958	本科	"总经理,董事"
229	唐先勇	男	1973	博士研究生	"副总经理,财务总监"
230	王镭	男	1963	EMBA	董事
231	张宇锋	男	1963	EMBA	独立董事
232	杨春玲	女	1971	硕士及研究生	董秘
233	陈略	男	1970	EMBA	董事长
234	汪哨骏	男	1956	本科	常务副总经理
235	钱晓军	男	1972	本科	副总经理
236	王志萍	女	1971	本科	财务总监
237	范值清	男	1949	硕士及研究生	独立董事
238	李芳	女	1974	硕士及研究生	副总经理
239	林红	女	1965	硕士及研究生	监事会主席
240	吴叔平	男	1953	硕士及研究生	独立董事
241	陈灿松	男	1972	本科	独立董事
242	倪h	女	1974		董事
243	王立	男	1961		董事
244	李亦研	女	1966	硕士及研究生	"董秘,副总经理,董事"
245	张国栋	男	1962	硕士及研究生	董事
246	郑煜曦	男	1962	硕士及研究生	董事长
247	王慧敏	女	1967	硕士及研究生	监事
248	罗龙新	男	1961	本科	职工监事
249	姚晓鹏	男	1968	本科	副总经理
250	颜泽松	男	1970	本科	"总经理,董事"
251	黄雁波	女	1962	本科	监事会主席
252	杨斌	男	1972	硕士及研究生	"财务总监,董事,董秘"
253	张兆国	男	1955	博士研究生	独立董事
254	李定安	男	1945	硕士及研究生	独立董事
255	徐锦文	男	1965	博士研究生	独立董事
256	陈琴	女	1986	本科	监事
257	唐敢于	女	1977	大专及其他	副总经理
258	耿曲	女	1969	本科	职工监事
259	张光柳	男	1962	硕士及研究生	副董事长
260	李中秋	男	1962	硕士及研究生	"总经理,董事长"
261	郑国荣	男	1958	硕士及研究生	"总裁,董事"
262	贾海英	女	1968	本科	副董事长
263	谭文k	男	1948		董事长
264	石界福	男	1970	本科	副总裁
265	张峰	男	1968	硕士及研究生	董事
266	陈朱江	男	1967	硕士及研究生	"副总裁,董事"
267	刘燕武	男	1976	本科	董事
268	邱大梁	男	1966	硕士及研究生	独立董事
269	庞大同	男	1945	本科	独立董事
270	谢韩珠	女	1975	硕士及研究生	独立董事
271	李丽杰	女	1969	本科	董秘
272	于化荣	男	1965	本科	副总裁
273	蔡立雄	男	1963	硕士及研究生	副总裁
274	莫尚云	男	1966	硕士及研究生	"副总裁,财务总监"
275	李兆明	男	1968	本科	监事会主席
276	才淦	女	1972	硕士及研究生	职工监事
277	高慕群	女	1973	本科	监事
278	吕胜洲	男	1964	硕士及研究生	董事
279	李玉彬	男	1972	博士研究生	董事
280	姚胜兰	女	1966	硕士及研究生	财务总监
281	赵朝雄	男	1965	硕士及研究生	副总经理
282	白景涛	男	1965	博士研究生	董事长
283	王永立	男	1967	本科	"副总经理,董秘"
284	林聪	男	1959	本科	副总经理
285	郑林伟	男	1970	硕士及研究生	职工监事
286	倪克勤	女	1965		职工监事
287	孙力干	男	1967	博士研究生	监事
288	温翎	女	1965	硕士及研究生	监事
289	赵建莉	女	1963	硕士及研究生	监事会主席
291	苏启云	男	1964	博士研究生	独立董事
292	李常青	男	1968	博士研究生	独立董事
293	袁宇辉	男	1950	硕士及研究生	独立董事
294	周擎红	男	1963	硕士及研究生	副董事长
295	刘彬	男	1969	硕士及研究生	"总经理,董事"
296	张慧	男	1983	本科	财务总监
297	侯剑	女	1970	硕士及研究生	"副总经理,董秘"
298	石柱铭	男	1972	本科	副总经理
299	王莉	女	1968	本科	职工监事
300	吴海生	男	1976	大专及其他	职工监事
301	范保光	男	1968	本科	监事
302	黄孝仲	男	1956	硕士及研究生	监事会主席
303	程汉涛	男	1968	本科	独立董事
304	杨国富	男	1960		董事长
305	刘长有	男	1966	本科	"职工董事,副总经理"
306	李新建	男	1972	本科	董事
307	姜洪文	男	1969	本科	董事
308	张淑芳	女	1958	大专及其他	监事
309	展海波	男	1967	本科	"总经理,董事"
310	梁融	男	1981	本科	独立董事
311	沈险峰	男	1969	本科	独立董事
312	陈阳升	男	1963	硕士及研究生	监事
313	富春龙	男	1973	硕士及研究生	监事
314	张权勋	男	1973	硕士及研究生	董事
315	娄红	女	1968	本科	"董事,财务总监"
316	王蓓	女	1981	本科	职工监事
317	丁辉	男	1973	硕士及研究生	"总经理,董事"
318	吕航	男	1961	硕士及研究生	董事长
319	祁鹏	男	1973	硕士及研究生	董秘
320	李玉东	女	1966	本科	职工监事
321	李名	男	1962	大专及其他	副总经理
322	纪辉彬	男	1970	硕士及研究生	独立董事
323	任永建	男	1963	本科	副总经理
324	冯宇	男	1967	本科	副总经理
325	陈华	女	1964	本科	监事会主席
326	俞磊	女	1968	硕士及研究生	董事
327	韦少辉	男	1972	硕士及研究生	独立董事
328	李祥军	男	1962	EMBA	独立董事
329	陈耿森	男	1972	本科	董事
330	王波	男	1979	硕士及研究生	董事
332	王Z琦	男	1980	硕士及研究生	职工监事
333	潘波	男	1976	EMBA	副总经理
334	陆万军	男	1967	EMBA	"副总经理,董秘"
335	盛情	女	1976	硕士及研究生	职工监事
336	王宝瑛	男	1964	EMBA	监事会主席
337	陈卓	男	1976	EMBA	总会计师
338	汪名川	男	1966	EMBA	董事
339	付德斌	男	1977	博士研究生	董事
340	卢炳强	男	1961	本科	副总经理
341	陈立彬	男	1964	EMBA	"总经理,董事"
342	章顺文	男	1966	硕士及研究生	独立董事
343	刘晓明	男	1971	EMBA	副总经理
344	黄勇峰	男	1974	EMBA	董事长
345	王岩	男	1957	硕士及研究生	独立董事
346	张宏光	男	1956	本科	独立董事
347	肖章林	男	1976	硕士及研究生	董事
348	谷碧泉	男	1957	大专及其他	副董事长
349	熊佩锦	男	1965	硕士及研究生	董事长
350	俞浩	女	1973	硕士及研究生	"董事,财务总监"
351	王平洋	男	1969	本科	"总裁,董事"
352	黄历新	男	1966	EMBA	副董事长
353	张小东	男	1964	硕士及研究生	副总裁
354	孟晶	女	1965	硕士及研究生	董事
355	冯亚光	男	1974	本科	职工监事
356	王亚军	男	1970	本科	职工监事
357	郭志东	男	1966	博士研究生	副总裁
358	秦士孝	男	1963	硕士及研究生	副总裁
359	孙启云	男	1954	本科	副总裁
360	邵崇	男	1959	博士研究生	董秘
361	王琮	男	1966	硕士及研究生	监事
363	李平	男	1959	硕士及研究生	独立董事
364	房向东	男	1949	硕士及研究生	独立董事
365	刘东东	男	1974	本科	独立董事
366	龙庆祥	男	1961	硕士及研究生	监事会主席
367	李英辉	男	1970	硕士及研究生	监事
368	李英峰	男	1969	本科	副总裁
369	王文杰	男	1970	本科	监事
370	马凤鸣	女	1962	硕士及研究生	职工监事
371	麦宝洪	男	1968	本科	职工监事
372	陈胜群	男	1962	博士研究生	独立董事
373	赵小川	男	1963	本科	副总经理
374	李智明	男	1962	大专及其他	董事
375	陈常兵	男	1967	硕士及研究生	"副总经理,董秘"
376	刘勇	男	1969	博士研究生	董事长
377	林兆雄	男	1967	EMBA	"总经理,董事"
378	刘静云	女	1976	硕士及研究生	监事
379	姜修昌	男	1964	本科	董事
380	连万勇	男	1970	硕士及研究生	董事
381	李东久	男	1965	硕士及研究生	董事
382	欧永良	男	1969	硕士及研究生	独立董事
383	陈宏辉	男	1971	博士研究生	独立董事
384	魏平孝	男	1963	硕士及研究生	财务总监
385	林心养	男	1964	本科	副总经理
386	林敏	男	1964	硕士及研究生	副总经理
387	郎葆t	男	1964	本科	职工监事
388	吴壹建	男	1970	硕士及研究生	监事会主席
389	冯宏伟	男	1971	本科	职工监事
390	林军	女		本科	职工监事
391	宋博通	男	1968	博士研究生	独立董事
392	康晓岳	男	1964	本科	独立董事
393	姜丽花	女	1964	本科	董事
394	邓康诚	男	1966	本科	董事
395	陈茂政	男	1964	硕士及研究生	"总经理,董事"
396	滕显友	男	1957		副总经理
397	魏捍平	女	1966	硕士及研究生	副总经理
398	唐小平	男	1970	硕士及研究生	"副总经理,董秘"
399	李雨霏	女			监事
400	任伟	男	1980	本科	监事
401	庄泉	男			监事会主席
402	孙海	男	1967	本科	副总经理
403	朱文山	男	1958	硕士及研究生	独立董事
404	张立德	男	1964	硕士及研究生	副总经理
405	张丕杰	男	1961	硕士及研究生	董事长
406	李晓	男	1963	博士研究生	独立董事
407	吴博达	男	1950		独立董事
408	于洪军	男	1958	本科	监事会主席
409	甘先国	男	1964	硕士及研究生	总经理
410	宋子会	男	1971		职工监事
411	祖学忠	男	1961	硕士及研究生	副总经理
412	张志新	男	1968	硕士及研究生	副董事长
413	吴云星	男	1958	硕士及研究生	董事
414	周晓峰	男	1970	大专及其他	董事
415	王振勃	男	1963	本科	董事
416	赵立勋	男	1978	本科	监事
417	杜辛跃	男	1960	硕士及研究生	副总经理
418	赵玉林	男	1964	硕士及研究生	财务总监
419	王晓平	男	1963	硕士及研究生	"副总经理,董秘"
421	曹荣根	男	1963	本科	"总经理,董事"
422	宋冰心	女	1970	本科	"副总经理,董秘"
423	张雪松	男	1964	硕士及研究生	副总经理
424	李晋扬	男	1969	硕士及研究生	"董事,常务副总经理"
425	顾云昌	男	1944	本科	独立董事
426	孟焰	男	1955	博士研究生	独立董事
427	冯安静	男	1966	本科	副总经理
428	朱海彬	男	1963	硕士及研究生	副总经理
429	王涌	男	1968	博士研究生	独立董事
430	蒋超	男	1958	EMBA	董事
431	周政	男	1963	硕士及研究生	董事长
432	曾宪锋	男	1967	硕士及研究生	董事
433	余福平	男	1960	硕士及研究生	监事会主席
434	李柳宾	男	1967	本科	职工监事
435	侯文荣	女	1966	EMBA	监事会副主席
436	叶雄	男	1968	硕士及研究生	副总经理
437	冯驰	女	1969	本科	职工监事
438	韦海东	男	1968	本科	副董事长
439	周剑	男	1972	硕士及研究生	董事长
440	赵泉勇	男	1977	硕士及研究生	财务总监
441	曲惠民	男	1963	本科	副董事长
442	何兵	男	1969	博士研究生	总工程师
443	陈旭	男	1962	硕士及研究生	名誉董事长
444	钟彦	女	1983	本科	董秘
445	汪军民	男	1964	博士研究生	独立董事
446	徐效臣	男	1962	硕士及研究生	"总经理,董事"
447	吴海	男	1966	硕士及研究生	董事
448	方泽南	男	1965	博士研究生	董事
449	江小军	男	1971	硕士及研究生	独立董事
450	李伟民	男	1966	EMBA	副总经理
451	贺少琨	男	1980	本科	监事会主席
452	宋晓风	男	1965		独立董事
453	邹志荣	男	1976	硕士及研究生	监事会副主席
454	王平	女	1974	本科	监事
455	姚远	男	1981	硕士及研究生	职工监事
456	王晓岩	男	1961	硕士及研究生	董事
457	辛昕	女	1977	本科	"董事,财务总监"
458	张连起	男	1963	博士研究生	独立董事
459	郭为	男	1964	硕士及研究生	"总裁,董事长"
460	周立达	男	1969	大专及其他	副总裁
461	汤凯	男	1976	本科	技术总监
462	韩智敏	男	1976	硕士及研究生	副总裁
463	刘烨	女	1987	硕士及研究生	职工监事
464	张志强	男	1965	博士研究生	独立董事
466	许军利	男	1961	硕士及研究生	董事
467	孙丹梅	女	1979	硕士及研究生	监事
468	韩玉华	女	1968	本科	运营总监
469	李岩	女	1974	硕士及研究生	人力资源总监
470	王继业	女	1967	硕士及研究生	董秘
471	吕敬	男	1975	EMBA	副总裁
472	叶海强	男	1974	本科	副总裁
473	张赐安	男	1974	硕士及研究生	副总裁
474	张宏江	男	1961	博士研究生	独立董事
475	朱锦梅	女	1970	硕士及研究生	独立董事
476	丁坤民	男	1968	本科	监事
477	严圣军	男	1968	博士研究生	董事长
478	曹德标	男	1966	硕士及研究生	"总裁,董事"
479	陆昌伯	男	1967	本科	职工监事
480	陈国裕	男	1960	EMBA	副总裁
481	郭峰伟	男	1981	硕士及研究生	副总裁
482	景兴东	男	1965	大专及其他	副总裁
483	陆平	男	1971	本科	副总裁
484	陈竹	男	1970	本科	副总裁
485	高清	男	1965	硕士及研究生	副总裁
486	茅洪菊	女	1968	大专及其他	"副总裁,董事"
487	费晓枫	男	1977	硕士及研究生	董事
488	洪剑峭	男	1966	博士研究生	独立董事
489	俞汉青	男	1966	博士研究生	独立董事
490	刘兰英	女	1973	本科	监事会主席
491	程健	男	1978	本科	"副总裁,董秘"
492	张建民	男	1968	硕士及研究生	财务总监
493	赵亚娟	女	1977	博士研究生	独立董事
494	黄欣	男	1964	大专及其他	副总经理
495	魏丹	女	1963	本科	监事
496	黄小萍	女	1957	大专及其他	监事会召集人
497	张淼洪	男	1950	大专及其他	独立董事
498	陈小佳	女	1966	本科	职工监事
499	刘战红	女	1964	硕士及研究生	独立董事
500	陈善民	男	1964	本科	副总经理
501	苏秦	男	1964	本科	"副总经理,财务负责人"
502	孔庆富	男	1967	大专及其他	"副总经理,董秘"
503	刘秀焰	女	1971	硕士及研究生	独立董事
505	倪苏俏	女	1982	本科	董事
506	朱力	女	1955	硕士及研究生	独立董事
507	李云	女	1965	硕士及研究生	"总经理,董事"
508	范炼	女	1948	大专及其他	董事
509	丁跃	男	1958	本科	副董事长
510	叶启良	男	1963	大专及其他	监事会主席
511	林青	女	1964	硕士及研究生	副总经理
512	戴锡机	男	1969	本科	财务总监
514	于春玲	女	1965	硕士及研究生	董事
515	莫建民	男	1966	本科	独立董事
516	陈玉辉	男	1965	硕士及研究生	"总经理,董事"
517	李洪生	男	1963	硕士及研究生	副董事长
518	李新威	男	1965	硕士及研究生	董事长
519	廖南钢	男	1970	本科	独立董事
520	陈泽桐	男	1970	博士研究生	独立董事
521	巫国文	男	1965	本科	"董事,常务副总经理"
522	梁建强	男	1968	本科	职工监事
523	彭勃	男	1973	硕士及研究生	职工监事
524	潘沙	女	1972	本科	监事
525	熊庆胜	男	1973	硕士及研究生	监事
526	强文桥	男	1969	硕士及研究生	董事
527	李建立	男	1982	硕士及研究生	财务总监
528	郝亮	男	1971	硕士及研究生	"总经理,董事长"
529	赵息	女	1955	硕士及研究生	独立董事
530	夏东明	男	1966	本科	董事
531	曹建发	男	1975		董事
532	于秀庆	男	1977	本科	董事
533	李雪燕	女	1974	硕士及研究生	"副董事长,董秘"
534	王大永	男	1975	本科	"副总经理,董事"
535	牛超	男	1982	硕士及研究生	职工监事
536	黄卫华	男	1975	硕士及研究生	执行总经理
537	陶源	男	1978	本科	副总经理
538	董国平	男	1979	硕士及研究生	监事
539	缪鹏	男	1972	本科	监事长
540	皇甫晓涛	男	1959	博士研究生	独立董事
541	张世兴	男	1961		独立董事
542	曾邗	男	1975	硕士及研究生	财务经理
543	李贵平	男	1965	硕士及研究生	副总裁
544	于玉群	男	1965	硕士及研究生	"副总裁,董秘"
545	张铭文	男	1978	硕士及研究生	监事长
546	吴发沛	男	1958	硕士及研究生	副总裁
547	李胤辉	男	1967	博士研究生	副总裁
548	赵庆生	男		本科	副总裁
549	王宇航	男	1961	本科	副董事长
550	麦伯良	男	1959	本科	"董事,总裁,首席执行官"
551	黄田化	男	1963	本科	副总裁
552	王宏	男	1962	博士研究生	董事长
553	高翔	男	1965	本科	常务副总裁
554	熊波	男	1959	大专及其他	职工监事
555	胡贤甫	男	1969	硕士及研究生	董事
556	刘冲	男	1970	本科	董事
557	潘承伟	男	1946	大专及其他	独立董事
558	王桂埙	男	1951	本科	独立董事
559	潘正启	男	1953	硕士及研究生	独立董事
560	王洪源	男	1975	硕士及研究生	监事
561	姜力	女	1969	本科	职工监事
562	王甫民	男	1965	本科	"副总经理,董事"
563	柏志伟	女	1982	硕士及研究生	"董秘,副总经理,董事"
564	邓新贵	男	1964	本科	"副总经理,董事"
565	朱胜利	男	1970	硕士及研究生	"总经理,董事长"
566	郝莉萍	女	1972	本科	监事
567	黄志良	男	1965	本科	董事
568	侯继伟	男			"副总经理,财务总监"
569	陈爱珍	女	1957	硕士及研究生	独立董事
570	苏国珍	男	1967	硕士及研究生	监事长
571	蒋永国	男			副总经理
572	唐晖	男	1962	本科	职工董事
573	王立勇	男	1976	博士研究生	独立董事
574	李东昕	女	1964	本科	独立董事
575	董志勇	男	1969	硕士及研究生	独立董事
576	彭伟东	男	1972	EMBA	总经理
577	姚日波	男	1968	本科	董事长
578	谭华森	男	1962	硕士及研究生	副董事长
579	许斌	男	1968	硕士及研究生	副总经理
580	王艺瑾	女	1967	博士研究生	董秘
581	申成文	男	1962	硕士及研究生	董事
582	陈星	女	1980	EMBA	职工监事
583	林长青	男	1969	硕士及研究生	副总经理
584	赵春扬	男	1981	本科	监事
585	尹善峰	男	1966	硕士及研究生	副总经理
586	贾帅	男	1975	本科	董事
587	吴天洲	男	1972	本科	董事
588	王道海	男	1966	硕士及研究生	董事
589	叶晓东	男	1973	硕士及研究生	"副总经理,财务总监"
590	陈玲	女	1974	硕士及研究生	职工监事
591	吴艳萍	女	1975	EMBA	副总经理
592	王玉林	男	1971	博士研究生	副总裁
593	张立民	男	1955	博士研究生	独立董事
594	钟鹏翼	男	1955	硕士及研究生	独立董事
595	陈晔东	男	1973	硕士及研究生	监事
596	魏洁生	男	1962	硕士及研究生	监事会主席
597	张英	男	1974	博士研究生	独立董事
598	张秀成	男	1965	本科	总会计师
599	杨祥	男	1964	硕士及研究生	董秘
600	刘文波	男	1975	硕士及研究生	副总经理
601	苏星	男	1960	本科	职工监事
602	朱俊春	男	1969	硕士及研究生	监事
603	文涛	男	1960	EMBA	监事会主席
604	郭明忠	男	1962	硕士及研究生	独立董事
605	华小宁	男	1963	硕士及研究生	独立董事
606	张军民	男	1971	硕士及研究生	监事
607	邹民	男	1964	大专及其他	职工监事
608	蔡元庆	男	1969	博士研究生	独立董事
609	黄宇	男	1974	硕士及研究生	董事
610	何祚文	男	1962	硕士及研究生	独立董事
611	姜澎	女	1970	本科	董秘
612	王维星	男	1968	硕士及研究生	监事会主席
613	刘洪雷	男	1964	本科	副总经理
614	乐坤久	男	1963	本科	副总经理
615	张晓东	男	1975	硕士及研究生	职工监事
616	邹志威	男	1982	本科	监事
617	邸燕	女	1970	硕士及研究生	"董事,财务总监"
618	贺强	男	1952		独立董事
619	宁毛仔	男	1975	本科	董事
620	臧炜	男		硕士及研究生	监事
621	张喜芳	男	1972	硕士及研究生	"副总裁,董事"
622	赵晓夏	男		本科	董事
623	赵英伟	男	1971	硕士及研究生	董事
624	余政	男	1960	博士研究生	董事
625	冯鹤年	男		硕士及研究生	董事
626	张博	男		硕士及研究生	董事
627	陈飞翔	男	1956	博士研究生	独立董事
628	刘晓勇	男		本科	监事
629	苏刚	男		本科	监事
630	罗成	男		硕士及研究生	监事
631	徐信忠	男		博士研究生	独立董事
632	陈基建	男		硕士及研究生	"副总裁,董事"
633	李强	男		硕士及研究生	职工监事
634	王彤	女	1971	本科	职工监事
635	刘洪伟	男	1967	硕士及研究生	监事
636	赵东	男		硕士及研究生	职工监事
637	吴立峰	男		硕士及研究生	职工监事
638	孙云岚	女		本科	职工监事
639	张帆	男		硕士及研究生	监事
640	武晨	男		硕士及研究生	副总裁
641	王辉	男	1964	硕士及研究生	监事
642	李能	男		本科	监事会副主席
643	刘国升	男	1968	硕士及研究生	财务总监
645	朱慈蕴	女	1955	博士研究生	独立董事
646	舒高勇	男		博士研究生	监事
647	胡坚	女	1957	博士研究生	独立董事
648	孔爱国	男	1967	硕士及研究生	独立董事
649	余玉苗	男	1965	博士研究生	独立董事
650	潘瑞平	男		硕士及研究生	副总裁
651	潘同文	男	1961	硕士及研究生	董事
652	何光明	男	1957	大专及其他	监事会主席
653	胡隐昌	男	1961	博士研究生	独立董事
654	李邑宁	女	1960	本科	董事
655	李力夫	男	1955	硕士及研究生	"财务总监,副总裁,董事"
656	黄馨	男	1970	硕士及研究生	"执行副总裁,董事"
657	季圣智	男	1986	硕士及研究生	"总裁,董事"
658	廖益平	男	1972	博士研究生	副总裁
659	胡琴	女	1967	硕士及研究生	"副总裁,董秘"
660	夏希忠	男	1971	本科	职工监事
661	张明华	男	1971	硕士及研究生	监事
662	曾江虹	女	1969	硕士及研究生	独立董事
663	栾胜基	男	1951		独立董事
664	陈扬名	男	1964	博士研究生	独立董事
665	李晓锋	女	1963	大专及其他	监事
666	蒋艳华	女	1977	本科	监事
667	王锋	男	1979	硕士及研究生	董秘
668	韦岗	男	1963	博士研究生	独立董事
669	夏志武	男	1974	大专及其他	监事会主席
670	文建辉	男	1966	本科	职工监事
671	李兵兵	男	1967	硕士及研究生	董事
672	余孝海	男	1968	本科	董事
673	何文彬	男	1971	本科	"总经理,董事"
674	刘其	男	1964	本科	董事长
675	刘贺	男		硕士及研究生	监事
676	钟晨	男	1967	本科	董事
677	毕向东	男	1954	大专及其他	独立董事
678	谭跃	男	1959	博士研究生	独立董事
679	陈莉	女		本科	财务总监
680	白小平	男	1964	本科	董事
681	王彬	女	1972	硕士及研究生	总会计师
682	陈菡	女	1983	博士研究生	独立董事
683	朱军	男	1963	硕士及研究生	副董事长
684	孙永茂	男	1963	EMBA	总经理
685	刘伟	男	1976	硕士及研究生	职工监事
686	迟云峰	男	1980	本科	职工监事
687	陈宏良	男	1968	EMBA	董事长
688	陈冰峡	女	1973	硕士及研究生	董秘
689	郑春阳	男	1965	本科	监事
690	黄威飘	男	1964	本科	监事
691	王磊	男	1971	硕士及研究生	副总经理
692	朱燕林	男	1974	本科	副总经理
693	彭旭辉	男	1981	硕士及研究生	副总经理
694	屈桂锦	女	1969	EMBA	副总经理
695	成为	男	1981	本科	副总经理
696	熊建伟	男	1968	硕士及研究生	董事
697	周志刚	男	1962	本科	"董秘,职工董事,副总裁"
698	邓磊	男	1978	博士研究生	独立董事
699	郭晋龙	男	1961	硕士及研究生	独立董事
700	郭万达	男	1965	博士研究生	独立董事
701	董格林	男	1978	本科	监事
702	曹乃斯	女	1978	本科	监事
703	魏越兴	男	1968	本科	副总裁
704	林克槟	男	1977	本科	"副总裁,董事"
705	尹常健	男	1968	本科	监事会召集人
706	熊建明	男	1957	博士研究生	"总裁,董事长"
707	林青辉	男	1966	本科	"财务总监,副总经理,董事"
708	王培	女	1968	EMBA	独立董事
709	唐若民	男	1973	本科	董事
710	刘晓红	女	1976	硕士及研究生	董事
711	陈小海	男	1968	本科	"总经理,职工董事"
712	曹剑	男	1981	硕士及研究生	董秘
713	吴小霜	女	1982	本科	职工监事
714	张崇华	男	1961	本科	职工监事
715	刘海波	男	1980	硕士及研究生	监事会主席
716	龙光明	男	1983	硕士及研究生	监事
717	刘玉英	女	1975	硕士及研究生	监事
718	朱波	男	1987	本科	董事
719	郑康豪	男	1976	EMBA	董事长
720	茹桂琴	女	1964	本科	职工监事
721	李罗力	男	1947	硕士及研究生	独立董事
722	张宇杰	男	1963	硕士及研究生	监事会主席
723	刘福松	男	1970	本科	监事
724	汪冠丞	男	1963	硕士及研究生	监事
725	彭爱云	男	1973	本科	"副总经理,董秘"
726	薄洪锡	男	1958	本科	副总经理
727	余谦	男	1968	硕士及研究生	董事
728	张海帆	女	1973	硕士及研究生	职工监事
729	张良	男	1971	硕士及研究生	董事
730	刘志军	男	1968	硕士及研究生	"财务负责人,总经理,董事"
731	陈惠	男	1968	本科	董事长
732	徐腊平	男	1978	博士研究生	董事
733	宋萍萍	女	1967	硕士及研究生	独立董事
734	朱龙清	男	1961	硕士及研究生	副总经理
735	杜秉光	男	1964	博士研究生	副董事长
736	费建民	男	1967	本科	副总经理
737	董成功	男	1967	硕士及研究生	"副总经理,董事"
738	孙世界	男	1962	本科	"董秘(代),总会计师,董事"
739	康启发	男	1964	博士研究生	副总经理
740	郁春晓	男	1963	本科	副总经理
741	张宏伟	男	1965	本科	副总经理
742	徐竹林	男	1962	本科	副总经理
743	张世强	男	1967	本科	副总经理
744	任勇强	男	1966	硕士及研究生	"总经理,董事"
745	李春建	男	1966	硕士及研究生	董事长
746	许晓军	男	1968	本科	董事
747	张黎明	男	1955	本科	独立董事
748	王维良	男	1963	硕士及研究生	监事
749	唐治钫	男	1960	硕士及研究生	"总工程师,职工监事"
750	赵显良	男	1962	硕士及研究生	监事会主席
751	高倚云	女	1974	博士研究生	独立董事
752	姜欣	男	1961	博士研究生	独立董事
753	张光炎	男	1957	本科	职工监事
754	姚曙	男	1966	硕士及研究生	副总裁
755	余中民	男	1972	本科	副总裁
756	任旭东	男	1953	大专及其他	独立董事
757	梁铭	男	1961	本科	副总裁
758	储虎	男	1962	硕士及研究生	副总裁
759	郑金华	男	1968	硕士及研究生	职工监事
760	李夏林	男	1961	本科	总工程师
761	黄建民	男	1968	硕士及研究生	董秘
762	戚思胤	男	1980	硕士及研究生	监事
763	牛鸿	男	1966	博士研究生	监事会主席
764	李映照	男	1962	博士研究生	独立董事
765	刘放来	男	1952	本科	独立董事
766	余刚	男	1966	本科	"总裁,董事局主席"
767	彭玲	女	1965	硕士及研究生	"副总裁,董事"
768	吴圣辉	男	1970	硕士及研究生	董事
769	赵万涛	男	1979	硕士及研究生	监事
770	马建华	男	1962	EMBA	董事
771	王立新	男	1968	博士研究生	董事
772	宁钟	男	1964	博士研究生	独立董事
773	刘鲁鱼	男	1958	博士研究生	独立董事
774	台冰	男	1965	博士研究生	董事
775	何伟民	男	1958	本科	董事
776	周文	男	1968	本科	董事
777	黄守岩	男	1950	硕士及研究生	董事
778	沈骅	男	1975	硕士及研究生	副总裁
779	胡翔海	男	1964	本科	"总裁,董事"
780	陈小华	男	1966	硕士及研究生	"副总裁,董事"
781	江疆	女	1979	硕士及研究生	董秘
782	薛彤	男	1969	硕士及研究生	副总裁
783	张键	男	1973	硕士及研究生	副总裁
784	杜鹏	男	1972	硕士及研究生	副总裁
785	蔡颖	女	1976	硕士及研究生	董事长
786	王瑛	女	1977	硕士及研究生	"董事,董秘"
787	谭华	男	1978	本科	监事会主席
788	胡新安	男	1968	本科	"总经理,董事长"
790	张恒春	男	1962	博士研究生	董事
791	邓少军	男	1970	本科	董事
792	张泽宏	男	1972	硕士及研究生	董事
793	姚家勇	男	1972	硕士及研究生	独立董事
794	周生明	男	1963	本科	独立董事
795	陈少华	男	1961	博士研究生	独立非执行董事
796	王亚文	男	1963	硕士及研究生	非执行董事
797	朱武祥	男	1965	博士研究生	独立非执行董事
798	张曦轲	男	1970	硕士及研究生	独立非执行董事
799	Bingsheng Teng	男	1970	博士研究生	独立非执行董事
800	吕红兵	男	1966	硕士及研究生	独立非执行董事
801	熊辉	男	1969	博士研究生	执行副总裁
802	邵威琳	男	1972	硕士及研究生	"执行副总裁,财务总监"
803	庞胜清	男	1968	博士研究生	执行副总裁
804	张振辉	男	1973	博士研究生	执行副总裁
805	李全才	男	1961	本科	职工监事
806	夏小悦	女	1975	本科	职工监事
807	王俊峰	男	1966	大专及其他	监事
808	许维艳	女	1962	本科	监事
809	曹巍	女	1976	硕士及研究生	董秘
810	徐慧俊	男	1973	硕士及研究生	执行副总裁
811	田东方	男	1960	本科	非执行董事
812	詹毅超	男	1963	硕士及研究生	非执行董事
813	谢大雄	男	1963	硕士及研究生	监事会主席
814	翟卫东	男	1967	硕士及研究生	董事
815	韦在胜	男	1962	硕士及研究生	非执行董事
816	张建恒	男	1961	本科	副董事长
817	栾聚宝	男	1962	硕士及研究生	副董事长
818	殷一民	男	1963	硕士及研究生	董事长
819	赵先明	男	1966	博士研究生	"总裁,执行董事"
820	何佳	男	1954	博士研究生	独立董事
821	倪静	女	1976	博士研究生	监事会召集人
822	马红艳	女	1972	本科	监事
823	王晓冰	女	1968	本科	副总经理
824	谢兴国	男	1965	硕士及研究生	独立董事
825	魏合田	男	1962	硕士及研究生	董事
826	张晓明	女	1978	博士研究生	董事
827	严家建	男	1980	硕士及研究生	财务总监
828	杜晓东	男	1969	硕士及研究生	董秘
829	鲍恩斯	男	1968	博士研究生	独立董事
830	单钧	男	1970	本科	副总经理
831	罗乐	女	1974	硕士及研究生	职工监事
832	原军	男	1970	本科	"总经理,董事"
833	郭永春	男	1968	硕士及研究生	副总经理
834	赵志勇	男	1965	本科	副总经理
835	王一彤	男	1964	硕士及研究生	董事长
836	余道春	男	1968	博士研究生	董事
837	郝峰	男	1973	博士研究生	"副总经理,董事"
838	马跃	男	1959	本科	监事会主席
839	李福江	女	1968	本科	监事
840	李斌	男		硕士及研究生	职工监事
841	戴湘桃	男	1967	本科	高级副总裁
842	段军	男		本科	高级副总裁
843	徐刚	男		硕士及研究生	高级副总裁
844	周在龙	男	1974	硕士及研究生	高级副总裁
845	靳宏荣	男	1966	硕士及研究生	董事长
846	刘文彬	男	1975	硕士及研究生	财务总监
847	吴中海	男		博士研究生	独立董事
848	陈小军	男		本科	"总裁,董事"
849	张志勇	男		硕士及研究生	董事
850	李峻	男		博士研究生	董事
851	周庚申	男	1967	硕士及研究生	高级副总裁
852	蓝庆新	男	1976	博士研究生	独立董事
853	郭镇	男	1975	硕士及研究生	董秘
854	虞世全	男	1967	硕士及研究生	独立董事
855	吕宝利	男		本科	董事
856	孔雪屏	女		硕士及研究生	董事
857	童利斌	男	1972	博士研究生	董事
858	张诗平	男	1963	硕士及研究生	董事
859	潘文堂	男	1965	硕士及研究生	董事
860	林涛	男	1972	博士研究生	独立董事
861	丁勤	女	1982	本科	董秘
862	邢春琪	男	1969	本科	"总经理,董事"
863	黄俞	男	1968	硕士及研究生	董事长
864	荣姝娟	女	1979	硕士及研究生	财务总监
865	雷达	男	1962	博士研究生	独立董事
866	刘佼	女	1987	硕士及研究生	董事
867	任意	女	1984	本科	独立董事
868	杜郁	男	1969	本科	副总经理
869	张逸明	男	1973	大专及其他	职工监事
870	叶伯乐	男	1967	硕士及研究生	副总经理
871	赵小伟	男	1978	硕士及研究生	副总经理
872	罗霄虎	男	1986	本科	监事
873	朱明扬	男	1964	硕士及研究生	副总经理
874	孙枫	男	1952	硕士及研究生	独立董事
875	郑丹	女	1965	硕士及研究生	监事会主席
876	周纪昌	男	1950	硕士及研究生	独立董事
877	姚军	男	1960	硕士及研究生	副董事长
878	陈跃华	男	1963	硕士及研究生	监事长
879	刘轲	男	1981	本科	职工监事
880	袁静平	男	1964	硕士及研究生	副总裁
882	张大帆	男	1966	硕士及研究生	副总裁
883	段先念	男	1958	硕士及研究生	董事长
884	王晓雯	女	1969	本科	"总裁,董事"
885	吴安迪	女	1954	硕士及研究生	独立董事
886	许刚	男	1956	本科	独立董事
887	余海龙	男	1950	硕士及研究生	独立董事
888	叶向阳	男	1968	硕士及研究生	监事
889	关山	男	1971	硕士及研究生	董秘
890	王久玲	男	1957	本科	董事
891	刘阳	男	1962	硕士及研究生	副总经理
892	张大军	男	1966	硕士及研究生	董秘
893	李彬学	男	1958	博士研究生	副总经理
894	黄红	女	1966	本科	副总经理
895	蒋勤俭	男	1962	本科	董事长
896	覃伟清	女	1966	硕士及研究生	职工监事
897	邓树娥	女	1975	本科	董事
898	杨洪宇	男	1978	硕士及研究生	"总经理,董事"
899	王宇新	男	1966	硕士及研究生	独立董事
900	王继中	男	1947	硕士及研究生	独立董事
901	李明俊	女	1966	硕士及研究生	董事
902	吴锐楷	男	1971	硕士及研究生	监事
903	罗涛	男	1961	博士研究生	副总经理
904	常琦	男	1974	硕士及研究生	董事
905	罗伯均	男	1962	大专及其他	监事会主席
906	刘涛	男	1967	本科	副总经理
907	于琳	女	1957	硕士及研究生	副总裁
908	张全礼	男	1952	EMBA	副总裁
909	宋廷久	男	1956	本科	副总裁
910	张翼飞	男	1973	本科	副总裁
911	冯汉林	男	1966	本科	职工监事
912	吕恒新	男	1972	硕士及研究生	监事
913	聂志华	男	1958	硕士及研究生	监事会主席
914	谷杨	女	1963	硕士及研究生	独立董事
915	张思民	男	1962	博士研究生	董事局主席
916	刘来平	男	1970	博士研究生	独立董事
917	许战奎	男	1963	本科	董事
918	刘占军	男	1958	博士研究生	"总裁,董事"
919	张锋	男	1972	硕士及研究生	董事局副主席
920	沈大凯	男	1965	EMBA	"财务总监,副总裁,董秘"
921	黄旋	男	1968	硕士及研究生	副总经理
922	冯强	男	1966	硕士及研究生	副总经理
923	李琦	男	1966	硕士及研究生	"副总经理,财务总监"
924	李安民	男	1967	本科	副总经理
925	赖宣尧	男	1964	硕士及研究生	职工监事
926	栗淼	男	1973	硕士及研究生	董事
927	吴福良	男	1963	博士研究生	监事会主席
928	陈磊	男	1977	硕士及研究生	董秘
929	黄胜蓝	男	1951	硕士及研究生	独立董事
931	王沛航	男	1967	硕士及研究生	监事
932	李若山	男	1949	博士研究生	独立董事
933	刘南安	男	1963	硕士及研究生	董事
934	童亚明	男	1959	博士研究生	董事
935	徐晓阳	男	1959	硕士及研究生	董事
936	黄黎忠	男	1966	硕士及研究生	"总经理,董事"
937	乔宏伟	男	1969	本科	董事长
938	黄文奕	男	1962	本科	副总经理
939	陈金祖	男	1963	本科	董事
940	陈敏生	男	1962	硕士及研究生	董事
941	徐燕	女	1975	本科	董事
942	陈繁华	男	1966	本科	"总经理,董事"
943	秦长生	男	1960	本科	"副总经理,财务负责人"
944	罗育德	男	1971	硕士及研究生	董事长
945	赵波	男	1977	本科	独立董事
946	沈维涛	男	1963	博士研究生	独立董事
947	张立轩	男	1967	硕士及研究生	职工董事
948	吴悦娟	女	1964	硕士及研究生	监事会主席
949	张子胜	男	1971	硕士及研究生	监事
950	田立新	男	1966	本科	职工监事
951	沈坚	男	1966	硕士及研究生	副总经理
952	应学民	男	1965	硕士及研究生	副总经理
953	黄亚英	男	1962	硕士及研究生	独立董事
954	孙郑岭	男	1966	硕士及研究生	董秘
955	尹剑辉	男	1968	硕士及研究生	副总经理
956	周志明	男	1963	硕士及研究生	职工监事
957	王培先	男	1971	博士研究生	监事会主席
958	王芳成	男	1982	硕士及研究生	监事
959	龚克	男	1962	硕士及研究生	职工监事
960	何云武	男	1971	本科	副总经理
961	高建柏	男	1964	硕士及研究生	"副总经理,董秘"
962	郭刚	男	1971	硕士及研究生	独立董事
963	童庆火	男	1963	硕士及研究生	董事
964	胡皓华	男	1957	硕士及研究生	"董事,财务总监"
965	宋扬	男	1968	硕士及研究生	"总经理,董事"
966	韩德宏	男	1962	博士研究生	董事长
967	王成义	男	1967	硕士及研究生	独立董事
969	唐天云	男	1960	本科	独立董事
972	黄邦欣	男	1980	硕士及研究生	副总经理
973	赵政	男	1983	硕士及研究生	独立董事
974	李世标	男	1964	本科	董事
975	郭立邦	男	1963	硕士及研究生	董事
976	嵇元弘	女	1967	本科	"副总经理,董秘"
977	张桂泉	男	1966	本科	董事长
978	陈大龙	男	1962	硕士及研究生	副董事长
979	李颖琦	女	1976	博士研究生	独立董事
980	叶见青	男	1962	本科	副总经理
981	杨红宇	男	1967	硕士及研究生	董事
982	彭斯琦	男	1982	本科	职工监事
983	沈诚	男	1968	本科	职工监事
984	宋军	男	1968	硕士及研究生	监事会主席
985	郭海兰	女	1973	硕士及研究生	独立董事
986	闫增军	男	1971	本科	副总经理
987	赵宏剑	女	1965	本科	董事
988	杨刚强	男	1970	硕士及研究生	董事
989	王玉梅	女	1962	博士研究生	独立董事
990	叶忠为	男	1970	本科	独立董事
991	张长江	男	1959	本科	独立董事
993	马雷	男	1970	本科	副董事长
994	苏梅	女	1969	硕士及研究生	独立董事
995	孙大陆	男	1968	硕士及研究生	副董事长
996	李宗前	男	1960	本科	董事
997	蔺静	女	1969	硕士及研究生	董事
998	蒲坚	男	1958	硕士及研究生	董事长
999	高燕	女	1972	本科	监事
1000	宁志和	男	1959	大专及其他	职工监事
1001	余金树	男	1965	硕士及研究生	"副总经理,财务负责人"
1002	李刚	男	1970	硕士及研究生	董事
1003	徐树田	男	1971	硕士及研究生	董秘
1004	许卫杰	男	1963	本科	副总经理
1005	赵祉胜	男	1959	硕士及研究生	副董事长
1006	刘建新	男	1967	硕士及研究生	副总经理
1007	贺锦雷	男	1974	硕士及研究生	副董事长
1008	李东生	男	1957	本科	"首席执行官,董事长"
1009	阎焱	男	1957	硕士及研究生	独立董事
1010	邱海燕	女	1975	本科	监事
1011	卢馨	女	1963	博士研究生	独立董事
1012	周国富	男	1964	博士研究生	独立董事
1013	何卓辉	男	1966		监事会主席
1014	毛天祥	男	1980	本科	职工监事
1015	金B植	男	1955	硕士及研究生	高级副总裁
1016	王成	男	1974	EMBA	高级副总裁
1017	刘薰词	男	1959	硕士及研究生	独立董事
1018	刘斌	男	1970	本科	副董事长
1019	廖骞	男	1980	硕士及研究生	"董事,董秘"
1020	闫晓林	男	1966	博士研究生	"首席技术官,高级副总裁"
1021	黄旭斌	男	1965	EMBA	"首席财务官,董事"
1022	杜娟	女	1970	EMBA	"首席运营官,董事"
1023	吴晓晖	女	1972	博士研究生	董事
1024	黄伟	男	1963	硕士及研究生	"高级副总裁,董事"
1025	王振耀	男	1954	博士研究生	独立董事
1026	陈奕民	男	1972	大专及其他	董事长
1027	刘壮青	男	1986	本科	"总经理,董事"
1028	李智	男	1967	本科	监事会主席
1029	陈超纯	女	1992	本科	监事
1030	刘晓	女	1984	本科	职工监事
1031	王少侬	女	1963		董事
1032	邱海涛	男	1976	硕士及研究生	"财务总监,董事,董秘"
1033	郭维	男	1978	硕士及研究生	独立董事
1034	夏成才	男	1949	本科	独立董事
1035	林滟	女	1964	本科	副总经理
1036	白鸿	男	1966	本科	董事
1037	黄晖	男	1971	硕士及研究生	董事
1038	刘德勇	男	1968	硕士及研究生	总工程师
1039	刘艳	女	1966	硕士及研究生	董事长
1040	张晖	男	1968	本科	"总经理,董事"
1041	武雅斌	男	1974	博士研究生	独立董事
1042	于太祥	男	1970	EMBA	独立董事
1043	王庆和	男		本科	监事会主席
1044	王小中	男		硕士及研究生	监事
1045	韩瑛	女	1963	本科	职工监事
1046	张朋	男	1978	本科	"财务总监,副总经理,董事,董秘"
1047	江华	男	1963	硕士及研究生	独立董事
1048	顾海涛	男	1963	硕士及研究生	董事
1049	张军	男	1970	本科	"董事,董秘"
1050	胡月娥	女	1962	本科	"副总经理,董事"
1051	章绍毅	男	1962	大专及其他	"副总经理,董事"
1052	卢家和	男	1963	本科	"总经理,董事"
1053	何宏满	男	1972	本科	董事长
1054	张瑞稳	男	1964	硕士及研究生	独立董事
1055	丁斌	男	1962	博士研究生	独立董事
1056	杨敬石	男	1983	硕士及研究生	独立董事
1058	李国坤	男	1972	本科	副总经理
1059	李俊	男	1977	大专及其他	财务总监
1060	汪洪湖	男	1963	本科	监事
1061	吴征	男	1981	本科	职工监事
1062	张玉萍	女	1970	本科	副总经理
1063	汝添乐	男	1985	本科	副总经理
1064	朱晓庆	女	1978	本科	副总经理
1065	陆震虹	女	1975	本科	董事
1066	王大海	男	1968	硕士及研究生	财务负责人
1067	甄佳	女	1983	硕士及研究生	董事
1068	曾廷敏	男	1954	硕士及研究生	独立董事
1069	张玲玲	女	1971	大专及其他	独立董事
1070	熊娟	女	1975	硕士及研究生	监事会主席
1071	辜凯德	男	1965	硕士及研究生	总工程师
1072	王国军	男	1973	本科	监事
1073	陈林	男	1961	本科	职工监事
1074	陶旗	男	1963	硕士及研究生	总经理
1075	徐海燕	女	1984	硕士及研究生	副总经理
1078	王诚	男	1966	硕士及研究生	董事长
1079	曹恒	女	1972	硕士及研究生	独立董事
1080	吴小莉	女		硕士及研究生	独立董事
1081	何刚	男	1968	本科	财务总监
1082	王颖轶	男	1981	硕士及研究生	董秘
1083	卓越	男	1982	本科	副总裁
1084	方芳	女	1972	本科	副总裁
1085	乔小燕	女	1975	硕士及研究生	副总裁
1086	聂润成	男	1972	硕士及研究生	独立董事
1087	许倩	女	1975	硕士及研究生	独立董事
1088	肖兴祥	男	1972	硕士及研究生	副总裁
1089	袁芬	女	1971	大专及其他	职工监事
1090	潘晓峰	女	1976	本科	职工监事
1091	邵晓锋	男	1966	本科	董事
1092	冯钟鸣	男	1963	本科	董事
1093	胡晓明	男	1970	硕士及研究生	董事
1094	沈林华	男	1965	本科	董事
1095	周宏	男	1959	硕士及研究生	"副总裁,董事"
1096	陆政品	男	1972	本科	董事长
1097	章磊	男	1975	本科	监事
1098	来涛	男	1976	本科	监事
1099	董安生	男	1952	博士研究生	独立董事
1100	吴杰	男	1975	本科	监事会主席
1101	刘洁	女	1968	硕士及研究生	副总裁
1102	傅筝	女	1968	硕士及研究生	监事会主席
1103	殷正富	男	1956	本科	副总裁
1104	苏用专	男	1972	博士研究生	副总裁
1105	李江涛	男	1963	硕士及研究生	副总裁
1106	詹纯新	男	1955	博士研究生	"首席执行官,董事长"
1107	方明华	男	1957	本科	副总裁
1108	刘驰	男	1957	硕士及研究生	职工监事
1109	刘权	男	1963	EMBA	监事
1110	申柯	男	1971	硕士及研究生	董秘
1111	刘桂良	女	1963	本科	独立董事
1112	赵令欢	男	1963	硕士及研究生	董事
1113	付玲	女	1967	博士研究生	总工程师
1114	杜毅刚	女	1975	本科	"副总裁,财务负责人"
1115	郭学红	男	1962	硕士及研究生	副总裁
1116	王金富	男	1956	硕士及研究生	副总裁
1117	黄群	女	1966	本科	副总裁
1118	赵嵩正	男	1961	博士研究生	独立董事
1119	杨昌伯	男	1954	博士研究生	独立董事
1120	黎建强	男	1950	博士研究生	独立董事
1121	胡新保	男	1968	本科	董事
1122	熊焰明	男	1964	硕士及研究生	副总裁
1123	娄天峰	男	1977	博士研究生	副总经理
1124	何长青	男	1963	本科	副总经理
1125	李量	男	1967	硕士及研究生	独立董事
1126	史静敏	女	1966	大专及其他	独立董事
1127	池俊平	男	1971	本科	董秘
1128	邵光毅	男	1959	本科	监事会主席
1129	王哲	男	1972	本科	监事
1130	高俊岐	男	1963	本科	监事
1131	赵英涛	男	1968	本科	"总会计师,常务副总经理"
1132	袁宗琦	男	1955	大专及其他	独立董事
1133	咸勇	男	1979	本科	副总经理
1134	童庆明	男	1968	EMBA	副总经理
1135	王惠君	男	1964	本科	董事
1136	徐卫波	男	1972	本科	董事
1137	白彦春	男	1966	硕士及研究生	董事
1138	薛建昌	男	1964	本科	"董事,总工程师,副总经理"
1139	李锋	男	1970	本科	"总经理,董事"
1140	应华江	男	1969	本科	副董事长
1141	肖荣智	男	1969	硕士及研究生	董事长
1142	刘辉	男	1964	本科	副总经理
1143	李质仙	男	1956	硕士及研究生	独立董事
1144	张彦夫	男	1967	大专及其他	监事长
1145	胡本源	男	1974	博士研究生	独立董事
1146	徐世美	女	1973	博士研究生	独立董事
1147	李润起	男	1974	硕士及研究生	"董事,董秘"
1148	王金秋	女	1963	大专及其他	董事
1149	曹世强	男	1974	大专及其他	监事
1150	梁月林	男	1966	硕士及研究生	"副总经理,董事"
1151	王炜	男	1960	大专及其他	"副总经理,董事"
1152	丁治平	男	1959	硕士及研究生	"总经理,董事长"
1153	邓峰	男	1971	博士研究生	独立董事
1154	谭剑峰	男	1970	本科	监事
1155	刘健翔	男	1970	硕士及研究生	董事
1156	陈国强	男	1964	大专及其他	职工监事
1157	乔新霞	女	1963	硕士及研究生	"常务副总经理,财务总监"
1158	孟小虎	男	1972	本科	职工监事
1159	陈建民	男	1963	硕士及研究生	董事
1160	王艳阳	男	1971	本科	职工监事
1161	阳昌云	男	1970	博士研究生	"财务总监,副总经理,董秘"
1162	叶梅	女	1966	硕士及研究生	独立董事
1163	王洪刚	男	1975	硕士及研究生	董事
1164	屈艳萍	女	1966	硕士及研究生	董事
1165	冯戎	男	1962	硕士及研究生	副董事长
1166	储晓明	男	1962	硕士及研究生	董事长
1167	谢荣	男	1952	博士研究生	独立董事
1168	黄丹涵	女	1949	博士研究生	独立董事
1169	杨玉成	男	1971	硕士及研究生	监事会主席
1170	龚波	男	1966	硕士及研究生	监事
1171	陈亮	男	1968	硕士及研究生	"总经理,董事"
1172	卫勇	男	1972	硕士及研究生	监事
1173	安歌军	男	1968	博士研究生	职工监事
1174	黄琦	男	1966	硕士及研究生	职工监事
1175	谢鲲	男	1978	硕士及研究生	职工监事
1176	温锋	男	1968	硕士及研究生	监事
1177	孙怡虹	女	1966	本科	"副总经理,财务负责人"
1178	申金元	男	1962	硕士及研究生	职工监事
1179	杜佳鸣	男	1982	本科	监事
1180	沈菊妹	女	1980	本科	监事
1181	计高雄	男	1972	本科	"总经理,董事长"
1182	冯琴	女	1973	本科	"副总经理,董事"
1183	汪钟颖	女	1974	本科	董秘
1184	李红	女	1977	本科	监事
1185	倪根元	男	1968	本科	监事会主席
1186	连向阳	男	1971	硕士及研究生	独立董事
1187	万解秋	男	1955	博士研究生	独立董事
1188	张祥建	男	1975	博士研究生	独立董事
1189	马小勇	男	1974	本科	副总经理
1190	梅勤华	女	1970	本科	董事
1191	肖明光	男	1970	硕士及研究生	财务总监
1192	黎文靖	男	1979	博士研究生	独立董事
1193	郭学进	男	1959	硕士及研究生	独立董事
1194	何剑锋	男	1967	本科	董事
1195	李飞德	男	1977	硕士及研究生	"副总裁,董事"
1196	方洪波	男	1967	硕士及研究生	"总裁,董事长"
1197	朱凤涛	男	1968	博士研究生	"副总裁,董事"
1198	顾炎民	男	1963	博士研究生	"副总裁,董事"
1199	王金亮	男	1967	硕士及研究生	副总裁
1200	向卫民	男	1966	硕士及研究生	副总裁
1201	江鹏	男	1973	硕士及研究生	董秘
1202	殷必彤	男	1968	硕士及研究生	"副总裁,董事"
1203	张小懿	男	1973	硕士及研究生	副总裁
1204	吴世农	男	1956	博士研究生	独立董事
1205	王建国	男	1976	硕士及研究生	副总裁
1206	芮萌	男	1967	博士研究生	独立董事
1207	刘敏	女	1978	硕士及研究生	监事会主席
1208	赵军	男	1975	硕士及研究生	监事
1209	梁惠铭	女	1983	本科	职工监事
1210	胡自强	男	1957	博士研究生	副总裁
1211	胡浩然	男	1956	博士研究生	副总裁
1212	张纪元	男	1964	硕士及研究生	副总裁
1213	任冰冰	女	1965	硕士及研究生	副总裁
1214	李绍华	男	1965	本科	副总裁
1215	丁迎东	男	1968	本科	副总裁
1216	鲁文武	男	1964	本科	监事会主席
1217	张泉	男	1963	硕士及研究生	"董事,执行总裁,执行董事"
1218	徐新玉	男	1963	硕士及研究生	"董事,执行总裁,执行董事"
1219	马常海	男	1974	本科	职工监事
1220	江奎	男	1964	硕士及研究生	董事
1221	王曰普	男	1963	硕士及研究生	董事
1222	王贡勇	男	1973	硕士及研究生	独立董事
1223	卢毅	男	1964	本科	独立董事
1224	李洪武	男	1962	硕士及研究生	独立董事
1225	冯刚	男	1964	本科	副总裁
1226	吴洪伟	男	1966	硕士及研究生	监事
1227	宁向东	男	1966	博士研究生	独立董事
1228	刘元强	男	1971	本科	副总裁
1229	袁宏明	男	1966	本科	"执行总裁,董事"
1230	严鉴铂	男	1963	硕士及研究生	"执行总裁,董事"
1231	Gordon Riske	男	1958	硕士及研究生	董事
1232	孙少军	男	1965	博士研究生	"董事,执行总裁,执行董事"
1233	谭旭光	男	1961	博士研究生	"首席执行官,董事长"
1234	邝j堂	男	1966	本科	财务总监
1235	佟德辉	男	1964	博士研究生	副总裁
1236	张忠	男	1969	硕士及研究生	独立董事
1237	戴立新	男	1967	本科	"副总裁,董秘"
1238	王廷华	男	1973	硕士及研究生	副总经理
1239	张爱玲	女	1968	本科	副总经理
1240	翟新生	男	1952	本科	独立董事
1241	尹项根	男	1954	博士研究生	独立董事
1242	李维扬	男	1976	硕士及研究生	董秘
1243	张学深	男	1964	硕士及研究生	董事
1244	周群	男	1967	硕士及研究生	董事
1245	孙继强	男	1969	EMBA	"总经理,董事"
1246	张旭升	男	1966	硕士及研究生	董事长
1247	张丽	女	1972	EMBA	职工监事
1248	张新昌	男	1962	本科	监事会主席
1249	白慧	女	1975	本科	副总经理
1250	李瑞生	男	1966	硕士及研究生	"总工程师,副总经理"
1251	姜南	男	1964	硕士及研究生	总会计师
1252	吴刚	男	1966	本科	职工监事
1253	王武杰	男	1963	EMBA	监事
1254	王叙果	女	1967	博士研究生	独立董事
1255	陈贵东	男	1971	硕士及研究生	董事
1256	檀国彪	男	1961	EMBA	董事
1257	易永辉	男	1969	博士研究生	副总经理
1258	赵建宾	男	1968	本科	监事
1259	姜长禄	男	1965	硕士及研究生	董事长
1260	孔庆辉	男	1971	硕士及研究生	"总经理,董事"
1261	刘素敏	女	1969	硕士及研究生	"副总经理,董事"
1262	任前进	男	1967	硕士及研究生	"董事,财务总监"
1263	于宝池	男	1960	硕士及研究生	董事
1264	姚颐	女	1972	博士研究生	独立董事
1265	李衍	男	1969	本科	"副总经理,董事"
1266	柴朝明	男	1969	硕士及研究生	独立董事
1267	刘宗山	男	1961	硕士及研究生	监事会主席
1268	刘宇	男	1982	本科	董秘
1269	刘臣	男	1963	硕士及研究生	副总经理
1270	张占民	男	1964	本科	副总经理
1271	王向东	男	1971	硕士及研究生	副总经理
1272	赵晨光	男	1980	硕士及研究生	职工监事
1273	王川	男	1975	本科	监事
1274	孔祥忠	男	1954	本科	独立董事
1275	盛华平	男	1967	本科	常务副总经理
1276	李亮	男	1980	硕士及研究生	副总经理
1277	张晓鹏	男	1972	硕士及研究生	"副总经理,董秘"
1278	傅英杰	男	1966	博士研究生	副总经理
1280	杨轩	女	1969	硕士及研究生	副总经理
1281	卢东亮	男	1971	EMBA	职工监事
1282	牛俊杰	男	1964	硕士及研究生	独立董事
1283	栗谦	男	1965	硕士及研究生	监事会主席
1284	张梅华	女	1969	硕士及研究生	财务总监
1285	杨小舟	男	1964	博士研究生	独立董事
1286	赵泽辉	男	1971	EMBA	董事
1287	谢鑫	男	1982	本科	监事
1288	吕洪斌	男	1974	本科	"总经理,董事"
1289	上官清	女	1973	EMBA	副董事长
1290	白力	男	1974	硕士及研究生	董事
1291	林义相	男	1964	博士研究生	独立董事
1292	高靓	女	1970	EMBA	董事长
1293	杨扬	男	1968	EMBA	副董事长
1294	田晨峰	男	1984	本科	财务总监
1295	余俊仙	女	1965	博士研究生	独立董事
1296	陈耿	男	1968	博士研究生	董事长
1297	周冠鑫	男	1971	本科	监事会主席
1299	罗军	男	1980	本科	"总经理,董事"
1300	张晟杰	男	1970	硕士及研究生	独立董事
1301	闫治仲	男	1976	本科	董秘
1302	张广东	男	1977	硕士及研究生	副总经理
1303	简子霞	女	1987	本科	职工监事
1304	王卫征	男	1982	硕士及研究生	监事
1305	刘书锦	男	1969	硕士及研究生	独立董事
1306	袁华刚	男	1973	硕士及研究生	董事
1307	李余利	女	1967	博士研究生	独立董事
1308	唐英凯	男	1970	博士研究生	独立董事
1309	张蕊	女	1962	博士研究生	独立董事
1310	吴景华	男	1962	本科	总工程师
1311	朱金松	男	1948	大专及其他	"总经理,董事"
1312	陈思远	男	1971	硕士及研究生	职工监事
1313	周钰	女	1970	本科	监事
1314	李云强	男	1970	本科	监事会主席
1315	杨秀彪	男	1971	硕士及研究生	董事长
1316	王光全	男	1974	硕士及研究生	"董事,常务副总经理"
1317	史强	男	1968	本科	"董事,董秘"
1318	寇化梦	男	1970	EMBA	董事
1319	何心坦	男	1980	硕士及研究生	董事
1320	余万春	男	1970	本科	总会计师
1322	杜以宏	男	1975	硕士及研究生	"CEO,董事,董秘"
1323	田贯三	男	1963		独立董事
1324	王友印	男	1970	本科	副总裁
1325	张树明	男	1966	硕士及研究生	独立董事
1327	马翔	男	1970	硕士及研究生	董事
1328	臧其文	女	1954	EMBA	董事
1329	李守清	女	1971	本科	"总会计师,董事"
1330	刘志强	男	1961	硕士及研究生	副监事长
1332	周立杰	女	1974	硕士及研究生	监事
1333	张仲力	男	1968	本科	职工监事
1334	孙卜武	男	1964	大专及其他	副总裁
1335	王世盟	男	1967	本科	副总裁
1336	朱龙	男	1954	硕士及研究生	独立董事
1337	孟莲	女	1965	EMBA	监事长
1338	郑钜夫	男	1987	本科	董事
1339	肖瑶	男	1990	本科	"总经理,董事"
1340	郭宝贵	男	1959	本科	董事
1341	曹邦俊	男	1944	本科	副董事长
1342	肖永明	男	1964	大专及其他	董事长
1343	王聚宝	男	1964	硕士及研究生	董事
1344	姚焕然	男	1958	本科	独立董事
1345	王卫国	男	1951	博士研究生	独立董事
1346	亓昭英	女	1964	大专及其他	独立董事
1347	邵静	女	1962	本科	监事会主席
1348	侯选明	男	1979	大专及其他	监事
1349	方丽	女	1964	本科	副总经理
1350	吴卫东	男	1976	大专及其他	"副总经理,董事"
1351	蒋秀恒	男	1990	硕士及研究生	董秘
1352	李光俊	男	1967	大专及其他	职工监事
1353	张生顺	男	1960	本科	副总经理
1354	冯民	男	1960	本科	总工程师
1355	刘威	男	1968	大专及其他	财务总监
1356	张宪依	男	1962	博士研究生	"总经理,董事"
1357	马立东	男	1981	硕士及研究生	"副总经理,董秘"
1358	张虹	男	1971	硕士及研究生	董事长
1359	薛希凤	女	1976	本科	财务总监
1360	于志臣	男	1963	本科	副总经理
1361	滕永波	男	1969	硕士及研究生	副总经理
1362	姜世涛	男	1980	硕士及研究生	副总经理
1363	李清华	男	1964	本科	副总经理
1364	赵庆国	男	1971	本科	副总经理
1365	岳志朋	男	1982	本科	副总经理
1366	黄新才	男	1975	本科	副总经理
1367	王乐锦	女	1962	博士研究生	独立董事
1368	李天章	男	1977	硕士及研究生	董事
1369	董吉林	男	1975	大专及其他	副总经理
1370	李培进	男	1970	硕士及研究生	董事
1371	陈志军	男	1965	博士研究生	独立董事
1372	张立新	男	1967	硕士及研究生	董事
1373	段东	女	1977	硕士及研究生	监事
1374	李玉峰	男	1982	本科	职工监事
1375	王传进	男	1963	本科	监事会主席
1376	董华	男	1977	硕士及研究生	独立董事
1377	宋少芹	女	1975	本科	监事
1378	车欣嘉	男	1963	本科	董事
1379	栗皎	女	1981	硕士及研究生	监事
1380	杨新伟	男	1978	硕士及研究生	职工监事
1381	徐宝军	男	1969	大专及其他	职工监事
1383	李双山	男	1959	硕士及研究生	副总裁
1384	张天右	男	1980	硕士及研究生	董秘
1385	孙纯君	男	1964	本科	董事
1386	李卓	女	1973	博士研究生	独立董事
1387	赵彪	男	1964	本科	董事长
1388	鲁忠	男	1968	本科	监事
1389	李文华	男	1964	本科	监事会主席
1390	钟田丽	女	1956	博士研究生	独立董事
1391	徐仲	男	1979	硕士及研究生	"总裁,董事"
1392	王江伟	男	1970	本科	副总经理
1393	姜晓丽	女	1963	硕士及研究生	副总经理
1394	谭江	男	1984	硕士及研究生	董秘
1395	吴建华	女	1959	硕士及研究生	监事会主席
1396	包志虎	男	1962	硕士及研究生	副总经理
1398	刘琼	女	1972	本科	监事
1399	沈洁	女	1980	本科	职工监事
1400	王政	男	1975	本科	监事
1401	谌明	男	1976	硕士及研究生	财务总监
1402	吴敏英	女	1976	本科	副总经理
1403	葛卫红	男	1969	博士研究生	董事
1404	罗国良	男	1962	硕士及研究生	"总经理,董事"
1405	应徐颉	男	1973	本科	"副总经理,董事"
1406	徐得均	男	1973	硕士及研究生	董事
1407	费荣富	男	1985	本科	董事
1408	武滨	男	1959	硕士及研究生	独立董事
1409	李蓥	女	1964	本科	独立董事
1410	姜巨舫	男	1962	硕士及研究生	董事长
1411	项先权	男	1964	博士研究生	独立董事
1412	刘文泰	男	1969	本科	副总经理
1413	韩志国	男	1964	本科	独立董事
1414	鲁桂华	男	1968	博士研究生	独立董事
1415	张双才	男	1961	博士研究生	独立董事
1416	龚昕	女	1979	本科	"董事,董秘"
1417	武吉伟	男	1971	硕士及研究生	董事长
1418	徐玲智	女	1967	本科	监事
1419	王俊明	男	1964	硕士及研究生	副总经理
1420	陈德伟	男	1964	大专及其他	监事
1421	万欢欢	女	1985	本科	职工监事
1422	谢居文	男	1977	硕士及研究生	职工监事
1423	王忠辉	男	1978	硕士及研究生	副总经理
1424	王建强	男	1964	本科	副总经理
1425	郭春林	男	1980	本科	监事会主席
1426	王立鹏	男	1968	硕士及研究生	"总经理,董事"
1427	卓逸群	男	1973	硕士及研究生	"首席执行官,董事长"
1428	房丽民	男	1964	大专及其他	副董事长
1429	赵慧军	女	1964	博士研究生	独立董事
1430	彭鹏	男	1982	本科	副总经理
1431	闻安民	男	1962	硕士及研究生	副董事长
1432	庄起善	男	1950	博士研究生	独立董事
1433	成小云	男	1962	博士研究生	监事会主席
1434	卢声	男	1986	硕士及研究生	监事
1435	马丽	女	1986	硕士及研究生	职工监事
1436	白晓宇	女	1984	硕士及研究生	"首席风险官,副总经理"
1437	刘正伟	男	1979	硕士及研究生	副总经理
1438	郑宏	男	1966	本科	董事
1439	刘文吉	男	1971	本科	董事
1440	金平	男	1954	本科	董事
1441	王景然	男	1984	硕士及研究生	董秘
1442	陈曦	女	1973	本科	财务总监
1443	马春华	男	1969	博士研究生	独立董事
1444	陈家华	男	1964	硕士及研究生	"总裁,董事"
1445	钱爱民	女	1970	博士研究生	独立董事
1446	张颖	女		硕士及研究生	董秘
1447	庞建华	男	1981	本科	职工监事
1448	王成福	男		本科	职工监事
1449	李慧中	男	1951	博士研究生	独立董事
1451	陈良栋	男	1971	硕士及研究生	"董事,财务总监"
1452	冯壮勇	男	1968	硕士及研究生	董事
1453	严兴农	男	1960	硕士及研究生	"副总裁,董事"
1454	吴红	女	1977	本科	职工董事
1455	刘京建	男	1954	本科	独立董事
1456	黄跃明	男	1963	本科	董事
1457	余T	男	1976	本科	"副总经理,董事"
1458	李承波	男	1967	大专及其他	"副总经理,董事"
1459	张同祥	男	1974	本科	"副总经理,董事"
1460	刘浩	男	1971	EMBA	董事长
1461	梁红	女	1964	本科	副总经理
1462	周福江	男	1976	本科	副总经理
1463	裴文娟	女	1968	本科	职工监事
1464	罗文萍	女	1967	本科	监事
1465	李姝	女	1971	博士研究生	独立董事
1466	陈结淼	男	1966	硕士及研究生	独立董事
1467	龚俊	男	1968	硕士及研究生	监事会主席
1468	戴登安	男	1973	大专及其他	"董秘,总经理,总会计师,副董事长"
1469	方福前	男	1954	博士研究生	独立董事
1470	徐彭城	男	1969	本科	职工监事
1471	王守虎	男	1981	本科	监事
1472	朱和平	男	1964	博士研究生	独立董事
1473	孙宇男	男	1978	硕士及研究生	"董事,财务总监"
1474	周斯秀	女	1973	硕士及研究生	"董事,董秘"
1475	陶向南	男	1966	博士研究生	独立董事
1476	蒋青云	男	1964	博士研究生	独立董事
1477	刘荻	男	1982		监事会主席
1478	陆剑峰	男	1973	硕士及研究生	"总经理,董事"
1479	陶青	女	1968	硕士及研究生	监事
1480	肖序	男	1954	博士研究生	独立董事
1481	肖建雄	男	1971	硕士及研究生	独立董事
1482	刘星薇	女	1957	大专及其他	独立董事
1483	唐建成	男	1968	硕士及研究生	"总经济师,监事会召集人"
1484	欧阳硕娃	女	1973	本科	监事
1485	罗治国	男	1977	本科	职工监事
1486	柳植	男	1969	大专及其他	"副总经理,董事"
1487	李	女	1970	本科	财务总监
1488	郭虎清	男	1969	硕士及研究生	"副总经理,董事"
1489	周兆达	男	1950	本科	"总经理,董事长"
1490	杨格艺	女	1967	本科	"董事,董秘"
1491	章棉水	男	1965	本科	董事
1492	周拥泽	男	1963	本科	"副总经理,董事"
1493	刘欢	女	1970	本科	职工监事
1494	徐建国	男	1968	本科	董秘
1495	魏全东	男	1978	大专及其他	副总经理
1496	宋德武	男	1971	本科	董事长
1497	黄义明	男	1960	大专及其他	副总经理
1498	王冬梅	女	1970	本科	常务副总经理
1499	王景霞	女	1970	本科	职工监事
1500	郑桂云	女	1970	本科	监事
1501	曲大军	男	1976	大专及其他	监事
1502	刘凤久	男	1963	硕士及研究生	监事会主席
1503	年志远	男	1956	博士研究生	独立董事
1504	孙玉晶	女	1966	大专及其他	董事
1505	李金泉	男	1953	硕士及研究生	独立董事
1506	刘彦文	男	1965	博士研究生	独立董事
1507	丁晋奇	男	1981	本科	独立董事
1508	刘宏伟	男	1960	硕士及研究生	董事
1509	周国利	男	1966	本科	职工监事
1510	王小波	男	1962	本科	副总经理
1511	姜厚友	男			副总经理
1512	王剩勇	男	1970	本科	董事
1513	金东杰	男	1973	本科	"总经理,董事"
1514	姜俊周	男	1958	大专及其他	董事
1515	杜晓敏	男	1980	本科	"董事,财务负责人"
1516	王飞廷	男	1975	本科	副总经理
1517	戴克勤	男	1958	硕士及研究生	独立董事
1518	耿成轩	女	1965	博士研究生	独立董事
1519	纪伟毅	男	1966	硕士及研究生	董事
1520	杨国平	男	1956	硕士及研究生	董事
1521	张冉玮	女	1966	本科	董事
1522	尹小峰	男	1974	硕士及研究生	"总经理,董事"
1523	潘明	男	1963	硕士及研究生	董事长
1524	孙彬	男	1982	本科	总会计师
1525	徐宁	男	1983	本科	董秘
1526	李东	男	1961	博士研究生	独立董事
1527	周伟	男	1980	硕士及研究生	常务副总经理
1528	蒋秋龙	男	1969	大专及其他	职工监事
1529	陈刚	男	1960	大专及其他	监事会主席
1530	叶兴明	男	1964	本科	职工董事
1531	刘成勇	男	1975	大专及其他	财务总监
1532	林福平	男	1979	本科	副总经理
1533	李玉涵	女	1981	本科	职工监事
1534	胡亚丽	女	1973	大专及其他	职工监事
1535	李爱华	女	1974	本科	职工监事
1536	叶蕊	女	1984	本科	监事
1537	周晓华	男	1974	本科	"总经理,董事"
1538	熊业晶	男	1973	本科	副总经理
1539	强炜	男	1966	本科	"董事,董秘"
1540	郭锐	男	1980	本科	董事
1541	虞云峰	男	1969	大专及其他	董事
1542	张行锋	男	1978	大专及其他	董事
1543	吴伟荣	女	1983	博士研究生	独立董事
1544	张恬恬	女	1983	硕士及研究生	独立董事
1545	王红峡	女	1967	硕士及研究生	独立董事
1546	张忠华	男	1962	本科	董事长
1547	熊霖霏	男	1980	硕士及研究生	监事会主席
1548	周祥山	男	1974	博士研究生	副总裁
1549	王中诚	男	1960	本科	副总裁
1550	王春城	男	1962	本科	董事长
1551	王立志	男	1964	本科	董事
1552	尤金花	女	1963	硕士及研究生	副总裁
1553	刘延风	男	1970	硕士及研究生	副总裁
1554	刘广立	男			职工监事
1555	冯东林	女	1968		职工监事
1556	李世忠	男	1964	EMBA	监事
1557	李国辉	男	1971	硕士及研究生	董事
1558	方明	男	1958	博士研究生	监事会主席
1559	冯毅	男	1962	硕士及研究生	监事
1560	路清	男	1966	硕士及研究生	独立董事
1561	张炜	男	1971	博士研究生	独立董事
1562	秦玉峰	男	1958	EMBA	"总裁,董事"
1563	吴怀锋	男	1962		"董秘,副总裁,董事"
1564	吴峻	男	1962	硕士及研究生	董事
1565	杜杰	男	1963	本科	独立董事
1566	王金芝	女	1955	本科	财务负责人
1567	费广胜	男	1965	硕士及研究生	董秘
1568	孙建忠	男	1966	博士研究生	副总裁
1569	王庆祝	男	1965	本科	副总裁
1570	王岩松	男	1962	硕士及研究生	副总裁
1571	林海	男	1971	本科	职工监事
1572	林爱梅	女	1966	博士研究生	独立董事
1573	黄建华	男	1984	博士研究生	职工监事
1574	许庆文	男	1968	本科	监事
1575	张守航	男	1960	硕士及研究生	监事
1576	季东胜	男	1968	本科	监事
1577	李格	女	1966	硕士及研究生	监事会主席
1578	王飞跃	男	1961	博士研究生	独立董事
1579	秦悦民	男	1968	硕士及研究生	独立董事
1580	王民	男	1954	硕士及研究生	董事长
1581	陆川	男	1966	硕士及研究生	"总裁,董事"
1582	吴江龙	男	1962	博士研究生	"财务负责人,副总裁,董事"
1583	李锁云	男	1961	硕士及研究生	副总裁
1584	杨东升	男	1968	硕士及研究生	董事
1585	周玮	男	1980	硕士及研究生	独立董事
1586	李昊	男	1969	本科	职工监事
1587	杨大平	男	1964	本科	监事会主席
1588	陈庭燕	女	1984	硕士及研究生	监事
1589	连瑞芹	女	1973	大专及其他	职工监事
1591	罗斌	男	1979	本科	副总经理
1592	张树成	男	1973	本科	副总经理
1593	隋景祥	男	1966	硕士及研究生	独立董事
1594	姜青梅	女	1970	本科	独立董事
1595	李强新	男	1962	本科	独立董事
1596	李学天	男	1978	本科	副总经理
1597	张旭东	男	1974	大专及其他	董事
1598	吉祥	男	1985	硕士及研究生	董事
1599	吉兴军	男	1968	本科	"总经理,董事"
1600	董永	男	1972	本科	"财务总监,董事,常务副总经理"
1601	孙凯	男	1973	硕士及研究生	"董秘,副总经理,董事"
1602	傅景宏	男	1963	本科	副总经理
1603	邓永平	男	1964	本科	副总经理
1604	刘胜	男	1968	本科	"副总经理,董秘"
1605	丁伟民	男	1974	硕士及研究生	副总经理
1606	邓泉清	男	1973	大专及其他	监事
1607	张超	男	1978	硕士及研究生	独立董事
1608	郭敏	女	1967	硕士及研究生	监事会主席
1609	陈爱文	男	1963	硕士及研究生	独立董事
1610	周江军	男	1978	本科	常务副总经理
1611	凌洁	女	1969	本科	职工监事
1612	葛晓炳	男	1965	本科	职工监事
1613	许长龙	男	1962	硕士及研究生	独立董事
1614	周志宏	男	1966	硕士及研究生	独立董事
1615	鲍方舟	男	1978	硕士及研究生	独立董事
1617	刘中华	男	1965	硕士及研究生	独立董事
1618	卓威衡	男	1970	本科	董事
1619	顾乃康	男	1965	博士研究生	独立董事
1620	陈彦卿	女	1965	硕士及研究生	董事
1621	杜军	男	1966	硕士及研究生	董事
1622	萧端	女	1958	博士研究生	独立董事
1623	凌平	女	1963	本科	监事会主席
1624	柯琳	女	1969	本科	监事
1625	李海虹	女	1971	本科	监事
1626	杨天树	男	1983	硕士及研究生	职工监事
1627	曹晓英	女	1968	本科	职工监事
1628	左江	女	1973	硕士及研究生	副总经理
1629	程锐	男	1975	硕士及研究生	副总经理
1630	杨汉明	男	1970	本科	董秘
1631	曾志军	男	1971	硕士及研究生	董事
1632	唐清泉	男	1961	博士研究生	独立董事
1633	金鑫	男	1972	大专及其他	"副总裁,董秘"
1634	姜亚	男		本科	独立董事
1635	李荻辉	女	1963	本科	独立董事
1636	田贵君	男	1952	大专及其他	独立董事
1637	万自锋	男	1973	本科	监事会主席
1638	刘雅娟	女	1982	硕士及研究生	董事
1639	王爱民	男	1969	本科	董事
1640	向绪杰	男	1966	本科	董事
1641	袁祖荣	男	1960	大专及其他	董事
1642	王光权	男	1970	本科	董事
1643	赵文胜	男	1966	硕士及研究生	董事长
1644	姚小义	男	1963	博士研究生	独立董事
1645	汪芳	女	1978	本科	职工监事
1646	宋彬	男	1973	本科	监事
1647	向秀	女	1970	本科	财务总监
1648	苏涛	男	1963	大专及其他	副总裁
1649	潘兆昌	男	1976	硕士及研究生	"合资格会计师,董秘(香港)"
1650	李栋	男	1983	大专及其他	监事会主席
1651	潘爱玲	女	1965	博士研究生	独立非执行董事
1652	黄磊	男	1957	博士研究生	独立非执行董事
1653	梁阜	女	1968		独立非执行董事
1654	王凤荣	女	1969	博士研究生	独立非执行董事
1655	胡金宝	男	1967	本科	财务总监
1656	杨桂花	女	1966	博士研究生	非执行董事
1657	张宏	女	1965	博士研究生	非执行董事
1659	耿光林	男	1974	大专及其他	"总经理,执行董事"
1660	张晓峰	男	1978	博士研究生	监事
1661	杨洪芹	女	1968		职工监事
1662	孙迎花	女	1969	大专及其他	职工监事
1663	李雪芹	女	1966	本科	副总经理
1664	李振中	男	1974	大专及其他	副总经理
1665	杨伟明	男	1975	大专及其他	副总经理
1666	张清志	男	1966	大专及其他	副总经理
1667	袁西坤	男	1986	本科	董秘
1668	胡长青	男	1966	本科	副总经理
